frame_id,image_path,split_hint,curvature,lateral_offset,traffic_density,obstacle,rain,fog,glare,bad_frame,steering,throttle,brake,exists,ok_size,brightness,contrast,valid_image,valid_label,keep
frame_000000,images/frame_000000.png,train,0.2086199442647177,-0.0456272193864909,0.1462394015012191,0,1,0,0,0,-0.1342232420196971,0.4470922206216297,0.1764052906805378,1,1,115.92641059027778,50.58995045661681,1,1,1
frame_000001,images/frame_000001.png,train,-0.3684057415052618,-0.1034493074051028,0.0434121055489401,0,0,0,1,0,0.3323242002485931,0.6311246147568186,0.0390606940402213,1,1,114.61831597222222,54.286487453884114,1,1,1
frame_000002,images/frame_000002.png,train,0.4021313203741281,0.3292002447056684,0.176451842118106,1,1,0,0,0,-0.5200561603462972,0.0778155911838372,0.8325941579712763,1,1,99.69476996527777,51.80432517007911,1,1,1
frame_000003,images/frame_000003.png,train,0.3710512283809833,-0.575280835787036,0.0345984139254634,0,0,0,0,0,0.0546615800317404,0.6336803094498912,0.0369172263076106,1,1,98.7679470486111,47.84105031251028,1,1,1
frame_000004,images/frame_000004.png,train,0.0816107819113036,0.6102457864056999,0.015578307360435,0,1,0,0,0,-0.3484840268758076,0.5182254360415869,0.1419691927359687,1,1,72.08151041666666,47.38171123099054,1,1,1
frame_000005,images/frame_000005.png,train,-0.4423046019708678,-0.2500403645856548,0.1682346274609406,0,0,1,0,0,0.4540991783590235,0.4126569599944972,0.0839990612418471,1,1,121.3909939236111,39.21092093792634,1,1,1
frame_000006,images/frame_000006.png,train,-0.565739262490714,0.5958003374190397,0.2049280029367851,0,0,0,1,0,0.1111319942304609,0.5351273464739823,0.0822739729281741,1,1,102.12009548611111,54.161236384770554,1,1,1
frame_000007,images/frame_000007.png,train,-0.0043272041533931,-0.2051039573963046,0.1351158737986953,0,0,0,0,0,0.0676598529604877,0.671844003339778,0.0559779719685307,1,1,94.88098958333333,55.17162681999842,1,1,1
frame_000008,images/frame_000008.png,train,0.0863827080110712,-0.3113182591167266,0.4528244910005558,0,0,0,0,0,0.1460975809502741,0.5442348865475912,0.1360825970963149,1,1,75.64683159722222,52.47430847431014,1,1,1
frame_000009,images/frame_000009.png,train,-0.3557683928702981,-0.2767436868184392,0.0569707494555304,0,1,0,0,0,0.4070405116986466,0.4489065591165047,0.1566210401508963,1,1,94.1031467013889,50.367801892963584,1,1,1
frame_000010,images/frame_000010.png,train,0.3831249577878775,0.135003297562144,0.0871852139462564,0,1,0,0,0,-0.4167168788951878,0.4328601835612347,0.1645519323832776,1,1,105.35154079861111,53.917370710925915,1,1,1
frame_000011,images/frame_000011.png,train,0.0666566191444962,-0.7290222440059144,0.0408429959019055,0,0,0,0,0,0.3430411889239627,0.6923736276054338,0.0335955688899845,1,1,95.20868055555556,49.595598826023306,1,1,1
frame_000012,images/frame_000012.png,train,0.2965925375988449,0.2614388050263172,0.162459628947114,0,0,0,0,0,-0.2473679699334716,0.6038206223487411,0.0674354685804658,1,1,79.53461371527777,51.61968772925418,1,1,1
frame_000013,images/frame_000013.png,train,-0.0439256452863469,0.25020534653449,0.1860679198376183,0,0,0,0,0,-0.0941785365093557,0.6460910989995642,0.0692476544443108,1,1,101.05889756944444,50.53526300632045,1,1,1
frame_000014,images/frame_000014.png,train,0.7300723577637366,0.4289051741488019,0.0763098215626991,1,0,0,0,0,-0.7754953071821938,0.2272770909003079,0.6986059934717692,1,1,98.07432725694444,50.894109081249795,1,1,1
frame_000015,images/frame_000015.png,train,-0.3983007918505646,-0.2830634674315543,0.0556671714878823,0,0,0,0,0,0.4819765700743402,0.6208563316091282,0.0425782711986038,1,1,79.93958333333333,50.16784583850884,1,1,1
frame_000016,images/frame_000016.png,train,-0.2171050624825933,-0.162586680307508,0.4510963964830013,0,0,1,0,0,0.287212320051805,0.3586952487344308,0.1505455873275058,1,1,114.45794270833333,41.772202931871334,1,1,1
frame_000017,images/frame_000017.png,train,1.0,-0.1274469035798284,0.070534379573009,0,1,0,0,0,-0.7246697659785983,0.3153129671494468,0.1702925261341062,1,1,102.46291232638889,54.60857213429163,1,1,1
frame_000018,images/frame_000018.png,train,-0.1169431628960925,0.1505620007407221,0.2064257382787179,0,1,0,0,0,0.0179244045010687,0.4443623590232302,0.1898646736994595,1,1,86.64144965277778,51.50955152440884,1,1,1
frame_000019,images/frame_000019.png,train,-0.1570298425757536,-0.239847519392111,0.1911909662085001,0,0,0,0,0,0.3881370633601752,0.6216771933118742,0.07232783710092,1,1,91.05974392361111,49.00261129950664,1,1,1
frame_000020,images/frame_000020.png,train,-0.2230206322717405,0.6463159870880513,0.3623349434415004,0,0,0,0,0,-0.2018666171532538,0.5485786433411267,0.1158273960898399,1,1,95.79989149305555,53.38450462624539,1,1,1
frame_000021,images/frame_000021.png,train,0.0855568542746677,0.340462869948389,0.0193316982050817,0,0,0,1,0,-0.3161859986527989,0.6961225347732878,0.0285631708232549,1,1,87.11477864583334,50.046540825570716,1,1,1
frame_000022,images/frame_000022.png,train,-0.2998853992493622,-0.1330902113477592,0.100099209784577,1,0,0,0,0,0.3334651734629215,0.3049881967255256,0.6976227704145649,1,1,92.52569444444444,47.759219491033846,1,1,1
frame_000023,images/frame_000023.png,train,-0.8016715616334529,0.2887386849901251,0.0101556221585318,0,0,0,0,0,0.4837409189334871,0.5561112199178232,0.0377453392814511,1,1,101.44694010416667,54.32787874200306,1,1,1
frame_000024,images/frame_000024.png,train,-0.3419067596891376,-0.4350261327897005,0.0430855074756487,0,0,0,0,0,0.5524700933041669,0.6365387204456954,0.0385557140089871,1,1,102.02000868055555,51.202075651692006,1,1,1
frame_000025,images/frame_000025.png,train,0.0538799022117565,-0.2466595250659943,0.1369488604354033,0,0,0,0,0,0.1125198955302827,0.6612919184052575,0.0572253958233681,1,1,89.36701388888889,49.49380683872171,1,1,1
frame_000026,images/frame_000026.png,train,-0.1347985339676919,-0.0392794834149342,0.0406083251902789,0,0,0,0,0,0.153163408118519,0.6788273793898639,0.0346276411906722,1,1,83.5998046875,51.15402450494126,1,1,1
frame_000027,images/frame_000027.png,train,-0.0460691632921487,0.1088534436076198,0.1002816349022577,0,1,0,0,0,-0.0328771822321639,0.4956875951257799,0.1624069520684343,1,1,95.64815538194445,47.0675707720887,1,1,1
frame_000028,images/frame_000028.png,train,-0.1746141485206084,0.8463748183094731,0.1090384036898557,1,0,0,0,0,-0.3642278834633949,0.3269137290044288,0.697835350491414,1,1,83.97048611111111,42.959445169573414,1,1,1
frame_000029,images/frame_000029.png,train,-0.8218288147060734,-0.0383300318808624,0.324377402362075,1,0,0,0,0,0.6053064743969085,0.1221021462320589,0.7615948568210917,1,1,85.13055555555556,50.09102317597793,1,1,1
frame_000030,images/frame_000030.png,train,0.3488162453982881,-0.2104856859482106,0.3655231105352685,0,0,0,0,0,-0.1742513366674055,0.5223036622329984,0.1186307913391192,1,1,112.303125,48.259236475155,1,1,1
frame_000031,images/frame_000031.png,train,-0.1585009425056181,-0.1046313235048433,0.1638416848607627,0,0,0,0,0,0.2084482005910678,0.6309552217976093,0.065568752925559,1,1,72.3220703125,48.50548480640188,1,1,1
frame_000032,images/frame_000032.png,train,-0.3809607397740055,-0.4533626614443118,0.2233897610564773,0,1,0,0,0,0.5571681858027078,0.3856214356754318,0.1982960325783904,1,1,128.4779296875,49.57115649552756,1,1,1
frame_000034,images/frame_000034.png,train,0.2486903539712011,-0.232272904122087,0.0624901784604687,0,0,0,0,0,-0.0884566948677285,0.6483903667445957,0.0418766099217354,1,1,100.03313802083333,50.323214524717535,1,1,1
frame_000035,images/frame_000035.png,train,0.1880367191713403,0.2582160445691283,0.0456854171479339,0,0,0,0,0,-0.3065446733322701,0.6664027601639549,0.036738570959429,1,1,97.60592447916666,48.72973692631113,1,1,1
frame_000036,images/frame_000036.png,train,-0.1193842187144041,0.2381604744362173,0.0952249513335452,0,1,0,0,0,-0.0309292174005003,0.4827944232903783,0.1623259354301497,1,1,86.36293402777778,49.60802262839968,1,1,1
frame_000037,images/frame_000037.png,train,-0.3548302607230649,-0.2507674808458345,0.1024403060798209,0,0,0,0,0,0.394947881028963,0.6131798407274497,0.0534824800793646,1,1,96.41755642361112,54.875084787973385,1,1,1
frame_000038,images/frame_000038.png,train,0.0646744980513036,-0.4369280672764318,0.1427609032458614,0,0,0,0,0,0.1370146048645297,0.6570987842536877,0.0588394959737944,1,1,97.06768663194444,45.60852249198389,1,1,1
frame_000039,images/frame_000039.png,train,-0.8592144226647342,0.1653665733587052,0.051532628611453,0,0,0,0,0,0.5284699284172398,0.5301206954530446,0.0489275226582761,1,1,96.738671875,52.352344668919145,1,1,1
frame_000040,images/frame_000040.png,train,0.9900163485135082,0.4896652684814325,0.1487044257709206,0,1,0,0,0,-1.0,0.2899501812774761,0.1895189591674044,1,1,78.17026909722222,50.49172272749353,1,1,1
frame_000041,images/frame_000041.png,train,-0.0555378892498882,0.1081320470246169,0.0700004766947658,0,1,0,0,0,0.006494837649734,0.5043922553068544,0.1550487244483001,1,1,90.91037326388889,50.24787124118191,1,1,1
frame_000042,images/frame_000042.png,train,0.6548026341865282,0.0507206727088563,0.5315901790575566,1,0,0,0,0,-0.5101115137096529,0.0829829104925495,0.8103112065532585,1,1,78.37037760416666,52.05472250943711,1,1,1
frame_000043,images/frame_000043.png,train,0.1150121531830725,-0.1413915703980237,0.3655223151567292,0,1,0,0,0,-0.029056998487934,0.3890647590585302,0.229289728609798,1,1,92.62024739583333,50.5167386032141,1,1,1
frame_000044,images/frame_000044.png,train,0.3808172788889175,-0.0346145275386367,0.0950044635738617,0,0,1,1,0,-0.2810717121523892,0.4505849819713649,0.0648541834285404,1,1,129.75748697916666,41.70005196802655,1,1,1
frame_000045,images/frame_000045.png,train,-0.1853072478335698,-0.023004415046361,0.3151213047939184,1,0,0,0,0,0.1879429528720043,0.2526460937554146,0.7491149995542289,1,1,104.66321614583333,49.48056806159436,1,1,1
frame_000046,images/frame_000046.png,train,-0.1926864133604472,0.3262261992541975,0.038153431976601,0,0,0,0,0,-0.0943714127291358,0.6681090161361002,0.0349450337439642,1,1,83.19090711805555,50.12960926916567,1,1,1
frame_000047,images/frame_000047.png,train,-0.0926894664972804,-0.8002392024454091,0.11888796145555,0,0,1,0,0,0.4657837423498044,0.4998513201911013,0.0661672459049329,1,1,127.33428819444444,41.96743493654402,1,1,1
frame_000048,images/frame_000048.png,train,-0.063114448178154,-1.0,0.0536870324420518,1,0,1,0,0,0.5912784873954772,0.2085866490096509,0.6951242152164793,1,1,118.29136284722222,40.22717773070055,1,1,1
frame_000049,images/frame_000049.png,train,-0.3210987248861185,-0.5221201112796171,0.2666554016272402,0,0,0,0,0,0.5180610507039031,0.5624508644532422,0.0936681192017334,1,1,79.16801215277778,52.119694234759784,1,1,1
frame_000050,images/frame_000050.png,train,0.0979715046676515,0.4869550451319935,0.037361086722733,0,0,0,0,0,-0.390459669356042,0.6873293187135131,0.0332330935819202,1,1,86.08726128472222,50.66259751905651,1,1,1
frame_000051,images/frame_000051.png,train,-0.2838786085903418,-0.0263198578911925,0.2004195343875603,0,0,0,0,0,0.2472781270906895,0.5930774412462856,0.0766461022655604,1,1,86.46540798611112,51.42575361615809,1,1,1
frame_000052,images/frame_000052.png,train,0.3628813434848714,0.2197823114001995,0.0601171019639426,0,0,0,0,0,-0.4584062619633117,0.6263827456156458,0.0431151427828157,1,1,86.93580729166666,50.54500712845574,1,1,1
frame_000053,images/frame_000053.png,train,-0.236183058072218,-0.2701471547345242,0.1689428110735855,1,0,1,1,0,0.3003891369640361,0.1336334045098014,0.7264767460754047,1,1,139.99663628472223,42.82885091216262,1,1,1
frame_000054,images/frame_000054.png,train,0.2486290207399964,0.2152743470529178,0.1389578054855475,0,0,0,0,0,-0.3005493058522617,0.621638963932059,0.0608396000922557,1,1,97.23166232638889,47.9438188479626,1,1,1
frame_000055,images/frame_000055.png,train,0.0809610563135761,0.0953477528634231,0.231262925870034,0,0,0,0,0,-0.0995768164608921,0.6228657646827729,0.0810485825167856,1,1,75.52588975694445,48.62149844431458,1,1,1
frame_000056,images/frame_000056.png,train,0.1164543839508431,0.3551106456225537,0.4712216838858616,0,0,1,0,0,-0.3402230031076042,0.3717815338497797,0.1539262477469071,1,1,104.90473090277777,39.85046641884025,1,1,1
frame_000057,images/frame_000057.png,train,-0.18446185829052,-0.0166240963752285,0.0398155574209489,0,0,0,0,0,0.1606232626142362,0.6691721832445638,0.0352256479730436,1,1,119.46946614583334,53.79854095285458,1,1,1
frame_000058,images/frame_000058.png,train,-0.42747510607067,0.089302863386487,0.1436983068517564,0,0,0,0,0,0.2933029846741723,0.5842105713877512,0.0648767817963663,1,1,114.01184895833333,50.281519432170526,1,1,1
frame_000059,images/frame_000059.png,train,0.0510689980207132,0.4251457090084953,0.6117114127676738,0,0,1,0,0,-0.3159690186869058,0.3356872059271715,0.1877215343347145,1,1,122.97256944444445,40.616199721986405,1,1,1
frame_000060,images/frame_000060.png,train,0.738704734603206,-0.0759643139430691,0.0678180466197361,0,0,0,0,0,-0.5326578658464708,0.5485227367624511,0.0510381513153458,1,1,92.6203125,51.264460398041294,1,1,1
frame_000061,images/frame_000061.png,train,0.2507831006411505,0.5466082289806726,0.06721888494059,0,1,0,0,0,-0.4871297662023642,0.4663167701425634,0.1574828130755247,1,1,109.55071614583333,50.42670945868752,1,1,1
frame_000062,images/frame_000062.png,train,0.7895127414642584,0.2505938668239549,0.0198633848291302,0,0,0,0,0,-0.7284750681727317,0.5551452670169528,0.0399583233010524,1,1,86.80004340277777,50.85657545843239,1,1,1
frame_000063,images/frame_000063.png,train,-0.208766987381264,-0.2836842915757809,0.1191425244129119,0,0,0,0,0,0.3033604868825511,0.636546718979228,0.0552876178525023,1,1,107.9740017361111,51.04029863261912,1,1,1
frame_000064,images/frame_000064.png,train,-0.2858796890155563,0.4570949057053331,0.0336811578937958,0,0,0,1,0,-0.0421314403711924,0.6510356569340602,0.0353270021819102,1,1,88.13569878472222,52.07310951227443,1,1,1
frame_000065,images/frame_000065.png,train,-0.2086526378600702,0.4004179195992999,0.2630231966753706,0,0,1,0,0,-0.1038170971126315,0.4262113535916062,0.103768194981253,1,1,141.43200954861112,37.79992358173004,1,1,1
frame_000066,images/frame_000066.png,train,-0.5364162436124705,0.3393891669225151,0.2020694002506238,0,0,0,0,0,0.2274124865206382,0.5419924611897875,0.0810958711599542,1,1,111.78851996527777,53.35742215742053,1,1,1
frame_000067,images/frame_000067.png,train,-0.90672503560361,0.1146892864053627,0.0508756658289107,1,0,1,0,0,0.5813584604304279,0.0408485098391592,0.7079247656952277,1,1,127.72944878472222,39.189619836226626,1,1,1
frame_000068,images/frame_000068.png,train,0.0964257424129503,0.1967343201021924,0.2261301110160993,0,0,1,0,0,-0.2035096558448159,0.4615693126617751,0.0928230794105998,1,1,119.339453125,36.789742622107696,1,1,1
frame_000069,images/frame_000069.png,train,-0.5080698946773683,-0.3131891804775595,0.0530699855911934,0,0,0,0,0,0.5456519846139498,0.5998115261076087,0.0436904747414538,1,1,110.81336805555556,52.09549461462395,1,1,1
frame_000070,images/frame_000070.png,train,-0.7443773196705649,-0.2028178604766804,0.4893016859495313,0,0,0,0,0,0.7057592748531712,0.399868945983551,0.1556568552302128,1,1,79.15438368055555,47.62115618476333,1,1,1
frame_000071,images/frame_000071.png,train,0.803654508762362,0.1481127152091038,0.2130776108266693,0,1,0,0,0,-0.7164368115088526,0.3046919344581933,0.2025017196252117,1,1,116.77365451388889,54.29476464055899,1,1,1
frame_000072,images/frame_000072.png,train,0.144739964178838,-0.0039726975439921,0.1207897515041133,0,0,0,0,0,-0.1010116338713435,0.6487755941377926,0.0546716977998815,1,1,96.78726128472222,51.72601881665519,1,1,1
frame_000073,images/frame_000073.png,train,-0.9016345184540058,-0.6557104875956407,0.0075690407425522,0,0,0,0,0,1.0,0.5370239320493055,0.038703274399417,1,1,75.05857204861111,51.05446415120337,1,1,1
frame_000074,images/frame_000074.png,train,0.1370532261648618,-0.146549758583552,0.3651611159763126,0,1,0,0,0,-0.0447227949650849,0.3847829641753183,0.2295528083807633,1,1,120.05462239583333,48.67881767084502,1,1,1
frame_000075,images/frame_000075.png,train,-0.3933215818389244,-0.6212719855213148,0.155879609329321,0,0,1,0,0,0.6311736302127033,0.4267778203669526,0.0801512884230944,1,1,115.63125,41.53450503505422,1,1,1
frame_000076,images/frame_000076.png,train,-0.3974693516641525,-0.488906492469182,0.0249119915019454,0,0,0,0,0,0.5743153921985711,0.6317869326414886,0.0349376835191089,1,1,88.1917751736111,53.05650655745624,1,1,1
frame_000077,images/frame_000077.png,train,-0.6241857823703046,-0.0447994294267658,0.274685259392139,0,0,0,0,0,0.5422186613674118,0.4990230027386904,0.1005089168471753,1,1,100.10084635416666,50.904681052955524,1,1,1
frame_000079,images/frame_000079.png,train,0.1785309187533747,0.2199793794995294,0.3042378698696526,0,0,0,0,0,-0.2784938944360886,0.5778105617949466,0.1007074864277278,1,1,94.80653211805556,45.180217407677944,1,1,1
frame_000080,images/frame_000080.png,train,0.1110956168493034,-0.1726326038064346,0.1336403866201196,0,0,0,1,0,0.04345752047385,0.6510067413130974,0.0573203457513785,1,1,96.84034288194445,53.44971806443093,1,1,1
frame_000081,images/frame_000081.png,train,0.1776265350046826,-0.5505360400660312,0.2110073711793981,0,1,0,0,0,0.1791481908713015,0.4306221130862742,0.1919718526125656,1,1,100.41451822916666,48.169042636960306,1,1,1
frame_000082,images/frame_000082.png,train,0.7216430272612575,0.3478567519339977,0.112640026848874,0,0,0,0,0,-0.8029302822751959,0.5362473851506426,0.0618810150947008,1,1,69.29155815972223,52.172798976486675,1,1,1
frame_000083,images/frame_000083.png,train,0.2805593326141057,-0.2695291288580569,0.1119944836967116,0,1,0,0,0,-0.1023284070686544,0.4446900641833297,0.1690635812786101,1,1,104.30546875,53.213970478818354,1,1,1
frame_000084,images/frame_000084.png,train,-0.0432610116819608,0.1580085445192511,0.1354198830682565,0,0,1,0,0,-0.1024079298269219,0.503950838589718,0.069476307187839,1,1,128.63919270833333,41.84520011852484,1,1,1
frame_000085,images/frame_000085.png,train,0.2454805046788879,-0.5184233852515485,0.3221435294664838,0,1,0,0,0,0.1514453714591764,0.3781536637509531,0.2206192833825502,1,1,93.64029947916667,49.6189886165964,1,1,1
frame_000086,images/frame_000086.png,train,0.0408347596734853,0.1594298998082097,0.5579745433878007,0,0,0,0,0,-0.1799464657514674,0.5165419578795727,0.1614310429149503,1,1,101.88292100694444,51.15836348524601,1,1,1
frame_000087,images/frame_000087.png,train,0.4960245161719043,0.1334678165367744,0.1717873764127896,0,0,0,0,0,-0.4747850328148358,0.5606695150211427,0.0729396616091223,1,1,81.77510850694445,49.57007448107585,1,1,1
frame_000088,images/frame_000088.png,train,0.6018814537759553,0.2287604940879896,0.0593253138816174,0,1,0,1,0,-0.5840624696196267,0.3988598493862428,0.1611427811030564,1,1,97.78023003472222,53.217611961302346,1,1,1
frame_000089,images/frame_000089.png,train,0.06674198925546,0.608346479215847,0.0789705124573642,0,0,0,0,0,-0.4268908405605602,0.6790119227888305,0.0430525589175137,1,1,95.3974609375,47.733115721007636,1,1,1
frame_000090,images/frame_000090.png,train,-0.3867615664531832,0.2272003497691501,0.2273418550224561,0,0,0,0,0,0.1782488446621575,0.5630780374515036,0.08496896510882,1,1,95.97163628472222,49.839716165712886,1,1,1
frame_000091,images/frame_000091.png,train,-0.237230932908535,0.0149465085071579,0.2174984970302573,0,0,0,1,0,0.2403929151926494,0.5964293394577029,0.0801353221900403,1,1,91.11575520833334,51.98967298665689,1,1,1
frame_000092,images/frame_000092.png,train,0.2376338787589378,0.1377392234724436,0.1353021577694694,0,0,0,0,0,-0.3103365696928729,0.6251174690288981,0.0597570771869714,1,1,81.37842881944445,47.293834604825754,1,1,1
frame_000093,images/frame_000093.png,train,0.1028275011675618,-0.2397739714442716,0.0940710033665952,0,0,0,1,0,0.0680001553935139,0.6665096485881793,0.0473748488535966,1,1,99.65833333333333,49.82930646703917,1,1,1
frame_000094,images/frame_000094.png,train,-0.1592866843108933,-0.2093536685573307,0.2309578943553928,0,0,0,0,0,0.1844644486053458,0.6073074001134339,0.0822261447491117,1,1,98.93159722222222,48.272012644394145,1,1,1
frame_000095,images/frame_000095.png,train,0.0223017195354688,0.1325631226648052,0.2014526833425279,1,0,0,0,0,-0.0925638024242934,0.3250312169230214,0.7183170929815144,1,1,71.908203125,52.94729914290421,1,1,1
frame_000096,images/frame_000096.png,train,-0.101801804853459,-0.1604237796012474,0.0326251607686382,0,0,0,0,0,0.1170490353668558,0.6882208327602848,0.0321198687482776,1,1,94.62769097222223,53.868128160109165,1,1,1
frame_000097,images/frame_000097.png,train,-0.9381229157896096,0.7560296395560692,0.3622330868881802,0,0,0,1,0,0.293928996015924,0.4055938364312149,0.1272437722009024,1,1,98.72502170138888,52.97287138792012,1,1,1
frame_000098,images/frame_000098.png,train,-0.0979247599297003,0.064903976864577,0.0993233663331945,1,0,0,0,0,0.004286098003427,0.3456518697974418,0.6941989910095074,1,1,107.0798828125,51.72044348338683,1,1,1
frame_000099,images/frame_000099.png,train,0.0610985720182694,0.2335809666271899,0.2574885764134763,0,0,0,0,0,-0.1593152071870016,0.6176592838516294,0.0872347441028344,1,1,83.67406684027777,50.0243759613096,1,1,1
frame_000100,images/frame_000100.png,train,-0.0325825609568023,0.0785502508472625,0.207812876637139,0,0,0,0,0,-0.0191198780199266,0.6407489809856408,0.0744589143813193,1,1,95.8199435763889,54.04120989588136,1,1,1
frame_000101,images/frame_000101.png,train,0.4066905479483168,0.2051091297342873,0.2130156490614478,0,0,0,0,0,-0.3637691090618854,0.5641064132388298,0.0817349297344121,1,1,89.18426649305556,51.358517478222886,1,1,1
frame_000102,images/frame_000102.png,train,0.1007354736366875,-0.1439348110533022,0.1658053403882155,0,0,0,0,0,0.0278945203664384,0.6418210361367871,0.0651314919944644,1,1,113.87957899305556,51.42321397397318,1,1,1
frame_000103,images/frame_000103.png,train,0.4516327169220405,-0.4204989176819639,0.2637777437416833,0,0,0,0,0,-0.1182780512118823,0.5373512463060028,0.0950430039186901,1,1,88.06373697916666,47.724332243817926,1,1,1
frame_000104,images/frame_000104.png,train,0.3180311290525722,0.6690284039850325,0.0376926825975013,0,0,0,0,0,-0.6115307750622031,0.64320133528036,0.0368362833490214,1,1,103.77183159722222,47.352899747821105,1,1,1
frame_000105,images/frame_000105.png,train,0.0268259716422021,-0.450561759525643,0.0118945470393536,0,0,0,0,0,0.2443198144328647,0.7104717142077858,0.0257790632120349,1,1,92.01890190972222,49.93931224471112,1,1,1
frame_000106,images/frame_000106.png,train,0.1431550709422103,-0.1232271615597352,0.0445729486848382,0,0,0,0,0,-0.0111519656872802,0.6757684537718646,0.0357445724089152,1,1,80.83585069444445,54.936301966509234,1,1,1
frame_000107,images/frame_000107.png,train,0.8923008285613352,0.3686152167112927,0.0622630121780624,0,0,0,0,0,-0.954144301297188,0.519747780025411,0.0521180402771408,1,1,106.30483940972222,53.138493164059334,1,1,1
frame_000108,images/frame_000108.png,train,-0.3842139324793835,0.4649574645466742,0.3904733524165102,0,1,0,0,0,0.0249938981329774,0.3264915401583447,0.2397848143189646,1,1,80.85987413194445,48.010713911911154,1,1,1
frame_000109,images/frame_000109.png,train,0.4082851568737911,-0.6538670592105391,0.0317472597811705,0,1,1,1,0,-0.050203349952883,0.2872314277018321,0.1640058829357109,1,1,108.92593315972222,39.23566844295725,1,1,1
frame_000110,images/frame_000110.png,train,0.0511651067487308,0.484761711087085,0.2410339421265224,0,1,0,0,0,-0.3722821679879402,0.4454050989059711,0.1973950593553572,1,1,74.8433810763889,47.71665244999486,1,1,1
frame_000111,images/frame_000111.png,train,0.0439931785403553,-0.2013659012675947,0.1593742029814772,0,0,0,0,0,0.1332537903743647,0.655420393248412,0.062628693196052,1,1,138.1101779513889,47.79673478888228,1,1,1
frame_000112,images/frame_000112.png,train,0.5329339385842244,-0.3432220394933277,0.0895047408305758,0,0,0,0,0,-0.221999563763638,0.5820865529924535,0.0531241187433304,1,1,90.90611979166667,50.62269796596884,1,1,1
frame_000113,images/frame_000113.png,train,0.0246016989944792,-0.0902284033365468,0.0633080244798755,0,0,0,0,0,0.0193724589771233,0.6929218516331477,0.0384940172549208,1,1,98.11243489583333,49.961043086350216,1,1,1
frame_000114,images/frame_000114.png,train,0.810547532998133,-0.2638890204960105,0.0576668835746455,0,0,0,0,0,-0.4902128613372248,0.5377070841492474,0.0496701476544822,1,1,80.22332899305556,42.68549356795617,1,1,1
frame_000115,images/frame_000115.png,train,0.1179810069574427,0.2155836981655944,0.1165152517118463,0,0,0,0,0,-0.2452118097877842,0.6556234605093652,0.0531834785358569,1,1,121.39737413194445,52.10933323592154,1,1,1
frame_000116,images/frame_000116.png,train,0.2468724760152972,-0.2280480404538755,0.0202684431285686,0,0,0,0,1,-0.1260477393976857,0.6635315497019415,0.0313765335121297,1,1,127.50258246527778,73.50769778707448,1,1,1
frame_000117,images/frame_000117.png,train,0.545648723588773,-0.4150678428061584,0.3548212187739017,0,0,1,0,0,-0.2048961650304934,0.3266828287113797,0.131926041833348,1,1,129.62042100694444,39.16034184964537,1,1,1
frame_000118,images/frame_000118.png,train,-0.2254813960480412,-0.6052433397878023,0.0407731883857514,0,0,0,0,0,0.5030942516307868,0.6606331048553787,0.036119453056435,1,1,98.46226128472222,46.282374267136056,1,1,1
frame_000119,images/frame_000119.png,train,-0.3875305973097655,-0.3083979303429994,0.0964676140573245,0,0,0,0,0,0.4119219884027394,0.6087302156179834,0.0525244578431727,1,1,69.15889756944445,53.991461948793166,1,1,1
frame_000120,images/frame_000120.png,train,0.1604472505001215,0.1211308545249045,0.122068942641314,0,1,0,0,0,-0.1749152936448225,0.4651864199755157,0.1696402537830478,1,1,109.78778211805556,49.459799218599684,1,1,1
frame_000121,images/frame_000121.png,train,-0.5750150163817082,0.6827330342457144,0.1215490570304747,1,0,0,0,0,0.0581506987011022,0.2424548267629922,0.7073444064056651,1,1,81.83537326388888,48.76422627661801,1,1,1
frame_000122,images/frame_000122.png,train,0.6843823686974275,-0.1741480161971651,0.4791344888775759,1,1,0,0,0,-0.4762883157039711,0.0,0.9054095875530668,1,1,93.17875434027778,50.13852481892318,1,1,1
frame_000123,images/frame_000123.png,train,0.4814797623498776,-0.1061155825293399,0.5530787226812326,0,0,0,0,0,-0.3128078642220573,0.430126494591593,0.1672671994225437,1,1,104.88216145833333,53.371767998506776,1,1,1
frame_000124,images/frame_000124.png,train,0.2503037728192658,0.2131833005350424,0.1057769752207309,1,1,0,0,0,-0.2869654129397701,0.1329173041088909,0.8126375502198494,1,1,92.28878038194445,50.784242903140445,1,1,1
frame_000125,images/frame_000125.png,train,-0.0994334723254574,0.3186210270242,0.1789733221514389,0,0,0,1,0,-0.0768350419748413,0.6374726427819049,0.0683763194507641,1,1,95.83585069444445,54.12272022853287,1,1,1
frame_000126,images/frame_000126.png,train,-0.9326945752015238,-0.5827925508779565,0.0617229127917441,1,1,0,0,0,0.9876666994945248,0.0118580654825847,0.8126303955755768,1,1,76.32478298611112,50.85124584031282,1,1,1
frame_000127,images/frame_000127.png,train,-0.1750669541147326,-0.5605551348920005,0.1084417179857859,0,0,0,0,0,0.3627970563419238,0.6470320078820284,0.0520946173263106,1,1,87.984765625,47.641922779294525,1,1,1
frame_000128,images/frame_000128.png,train,0.7602466371191026,-0.4409083942587137,0.3442363218824293,0,0,0,0,0,-0.3349232916921444,0.4474679599173292,0.1199345540207481,1,1,83.211328125,50.36063348151704,1,1,1
frame_000129,images/frame_000129.png,train,-0.0315106066873727,0.0801728669841365,0.2298249867118956,0,0,0,0,0,0.0136449333334995,0.6332591333133619,0.079900766411548,1,1,84.45733506944444,51.52782590890232,1,1,1
frame_000130,images/frame_000130.png,train,-0.4365732494667511,0.3404799766839893,0.2478159977417045,0,0,0,0,0,0.1389199983357913,0.5459497508970531,0.0908435394314107,1,1,98.55740017361111,54.103015922924115,1,1,1
frame_000131,images/frame_000131.png,train,1.0,-0.182223905674503,0.0457974605513232,0,1,0,0,0,-0.733252356329855,0.3239708888070369,0.1641577702167281,1,1,131.7463324652778,49.487842634130246,1,1,1
frame_000132,images/frame_000132.png,train,-0.6066555494264843,0.4251281723910349,0.248598682415977,0,0,1,0,0,0.2279009150653501,0.3516593512691112,0.106558962029986,1,1,104.46736111111112,38.304886668531516,1,1,1
frame_000133,images/frame_000133.png,train,-0.2649636357579857,0.331413929726167,0.1715412325735018,0,0,0,0,0,-0.0080601323202683,0.6069678414476772,0.0691816438503562,1,1,95.11525607638889,51.82257367453042,1,1,1
frame_000134,images/frame_000134.png,train,0.3851151423432492,0.507539120012504,0.0733687950860264,0,0,0,0,0,-0.5768292406489011,0.6172978932512408,0.0467573034588265,1,1,101.36510416666667,46.17438814778689,1,1,1
frame_000135,images/frame_000135.png,train,0.2427964201643,0.2187446263599345,0.0437476935422255,0,0,0,0,0,-0.2665487380311329,0.656129023227361,0.0371341707211007,1,1,86.36825086805555,50.15399466005351,1,1,1
frame_000136,images/frame_000136.png,train,-0.6715157618958146,-0.3920521271165534,0.1658335982522682,0,0,1,0,0,0.7205250270792538,0.3676550882325431,0.0870709845568955,1,1,127.19743923611111,38.566825599798406,1,1,1
frame_000137,images/frame_000137.png,train,-0.0019050241062283,-0.3234729404702526,0.2204611549714109,0,0,0,0,0,0.1805565950612834,0.6424575909387604,0.0771048468186095,1,1,96.6165798611111,53.78008237098962,1,1,1
frame_000138,images/frame_000138.png,train,1.0,-0.3719596660434253,0.1181402397803366,0,0,0,0,0,-0.6578533354068128,0.4786509160768821,0.0676987794655235,1,1,89.10614149305556,49.34044542052647,1,1,1
frame_000139,images/frame_000139.png,train,-0.1136341019916184,-0.4473307369189998,0.2238138728311065,1,0,0,0,0,0.3382831554331549,0.2989383241107889,0.7253239860939802,1,1,115.79177517361111,49.993145164398484,1,1,1
frame_000140,images/frame_000140.png,train,0.934974976562928,0.1586860934370263,0.181022868429904,0,0,0,0,0,-0.8098894863612236,0.469647000736948,0.082253270995623,1,1,94.00755208333334,50.50407268623584,1,1,1
frame_000141,images/frame_000141.png,train,-0.68651448539811,0.2548320471477363,0.3377166885336096,0,0,0,0,0,0.3724367205785983,0.4644962619336146,0.1171379705227049,1,1,94.45815972222222,50.77638274365401,1,1,1
frame_000142,images/frame_000142.png,train,0.028883173744383,0.3185250619598649,0.1093701647167232,0,0,0,0,0,-0.2057716864252463,0.6759438076002703,0.0499859316296575,1,1,94.94409722222223,51.537013481186435,1,1,1
frame_000143,images/frame_000143.png,train,-0.5560638225092837,0.2862845830879197,0.3778220484542237,0,0,0,0,0,0.2259156432359651,0.4765495185391649,0.124996889176796,1,1,81.41039496527777,52.20915843422469,1,1,1
frame_000144,images/frame_000144.png,train,0.4043569717070926,-0.4275282023125644,0.4575104959159223,0,0,0,0,0,-0.0585822260930558,0.4789999320880086,0.1423323145344622,1,1,102.39952256944444,49.291168017848044,1,1,1
frame_000145,images/frame_000145.png,train,0.0950175503984867,0.5449900193119589,0.2333793045102857,0,0,0,0,0,-0.339708587359628,0.6193137333417026,0.0817983483249266,1,1,111.48511284722223,48.68897751899196,1,1,1
frame_000146,images/frame_000146.png,train,-0.0349028437547586,-0.4265431410114671,0.2249174127187988,0,0,0,1,0,0.2391892546744082,0.6342983367974686,0.0787379638543382,1,1,93.52608506944445,48.46464576383074,1,1,1
frame_000147,images/frame_000147.png,train,-0.7496357380787269,-0.0042909435670401,0.1391282910268168,0,0,0,0,0,0.5980618354339634,0.5213779505248688,0.0688979879839102,1,1,93.36786024305556,46.86256487860327,1,1,1
frame_000148,images/frame_000148.png,train,0.2025521610039351,0.0486984645753389,0.2400104176855029,0,0,0,0,0,-0.1900572636342452,0.5954859216092869,0.0851634181620677,1,1,92.346484375,50.07292729146374,1,1,1
frame_000149,images/frame_000149.png,train,0.5135902688104041,-0.0664541088044897,0.3032930387824235,0,1,0,0,0,-0.3351885281055416,0.3311293826640709,0.2202341179190075,1,1,101.65071614583333,47.572670396680095,1,1,1
frame_000150,images/frame_000150.png,train,-0.3904576090733779,0.2295068854975321,0.0791587299331477,0,1,0,0,0,0.1160109455228511,0.4342029227087227,0.1626786867685946,1,1,95.17732204861112,49.92373178418388,1,1,1
frame_000151,images/frame_000151.png,train,-0.0489937150819062,0.379941167153849,0.3774701155558586,0,0,0,0,0,-0.1871079194660878,0.5780867165390682,0.1167964880991634,1,1,89.6775390625,53.099683010203215,1,1,1
frame_000152,images/frame_000152.png,train,-0.2646558789388279,0.2873592013897788,0.074514119057373,0,0,0,0,0,0.0288654125197423,0.6409888825421538,0.0451139955892497,1,1,106.39401041666666,52.026076516839154,1,1,1
frame_000153,images/frame_000153.png,train,0.129075339756066,-0.7230862188625289,0.2627076403423721,0,0,0,0,0,0.2892707734235979,0.6022372579289565,0.0896167002410053,1,1,83.0123263888889,48.83234876145256,1,1,1
frame_000154,images/frame_000154.png,train,-1.0,-0.1161703684351424,0.3350999640148927,0,0,0,0,0,0.8530305638077529,0.4027150125947876,0.1215047910756934,1,1,112.1285373263889,49.92845655698431,1,1,1
frame_000155,images/frame_000155.png,train,-0.1409420634610732,-0.5746996770718231,0.1013014039330268,0,0,0,0,0,0.4666770501693128,0.656356095931226,0.0497778211907678,1,1,93.67282986111111,47.309980297415954,1,1,1
frame_000156,images/frame_000156.png,train,0.068875635418106,0.0288496791448085,0.1391264461430695,0,0,0,0,0,-0.0352062480755743,0.6575306167663045,0.0580053688101709,1,1,98.4556640625,50.90344964112268,1,1,1
frame_000157,images/frame_000157.png,train,0.0297028607021395,-0.1384465411785901,0.0687757335527854,0,0,0,0,0,0.0669089190911737,0.6899879211160972,0.039931627692325,1,1,98.40635850694444,46.199515881977725,1,1,1
frame_000158,images/frame_000158.png,train,0.2245364013323839,-0.9105658458402054,0.1817267647127188,0,0,1,0,0,0.2684733529497038,0.4514883520840715,0.0838608200700724,1,1,126.17109375,39.99341175585243,1,1,1
frame_000159,images/frame_000159.png,train,-0.3727948553283515,0.4941881009593554,0.1887789824737651,0,0,0,0,0,0.0261577991629094,0.5793683850685118,0.0751819053387474,1,1,100.43444010416667,48.89771201287953,1,1,1
frame_000160,images/frame_000160.png,train,0.6103351438544106,-0.6674460515548667,0.2628839990842631,0,0,0,0,0,-0.1036048734578993,0.5059235715496258,0.0973605940745678,1,1,97.06098090277777,51.15429381900569,1,1,1
frame_000161,images/frame_000161.png,train,-0.0593339047377301,0.1505672997756304,0.1371062360349881,0,0,0,0,0,-0.05820485406198,0.6601460364402081,0.0573516890124807,1,1,68.33446180555555,47.59740453309125,1,1,1
frame_000162,images/frame_000162.png,train,0.1442633226112644,0.532506508125945,0.0915762646990381,0,0,0,0,0,-0.3934236892668338,0.6590956428330838,0.0474191268071416,1,1,96.82515190972222,49.97757749161166,1,1,1
frame_000163,images/frame_000163.png,train,-0.0677646772734261,0.0538006761206411,0.3391957147804353,0,0,0,0,0,0.0294586703543465,0.5877285643721624,0.1076047721019227,1,1,115.43893229166666,50.91143422963384,1,1,1
frame_000164,images/frame_000164.png,train,0.033096606258796,0.4113801299433783,0.0531841094614162,0,0,0,0,0,-0.2483084402119107,0.6947662404367451,0.0361192048465719,1,1,117.81382378472222,49.55629247640649,1,1,1
frame_000165,images/frame_000165.png,train,0.1977393982072139,0.0878536375424716,0.1871538355299422,1,0,0,0,0,-0.2773787992614326,0.2949482779230774,0.717577981582741,1,1,97.04112413194444,47.10494412546008,1,1,1
frame_000166,images/frame_000166.png,train,-0.4267292564340412,-0.3199446453104036,0.0907349603160704,0,0,0,0,0,0.5649419309792735,0.6028969126025671,0.0517299382613301,1,1,107.39403211805555,49.661555630221166,1,1,1
frame_000167,images/frame_000167.png,train,-0.4611845336106528,-0.5396187529714938,0.5065129802181922,0,0,0,0,0,0.656419475371072,0.4504835502015021,0.1553941716318821,1,1,64.59301215277777,52.635528058690674,1,1,1
frame_000168,images/frame_000168.png,train,0.3270754757196854,-0.0125825324055235,0.5326209813012744,0,0,0,0,0,-0.2441209630802366,0.4681675614006169,0.159723210974231,1,1,102.40188802083334,50.222434576625545,1,1,1
frame_000169,images/frame_000169.png,train,0.4895575208631831,0.4503923738581203,0.0216828424624298,0,0,0,0,0,-0.5731314354413027,0.6144995009655129,0.0356102652644935,1,1,106.9615234375,50.465905445519184,1,1,1
frame_000170,images/frame_000170.png,train,-0.5293836398510327,0.0219010547125339,0.2155209814529251,1,0,0,0,0,0.4115564426426861,0.2186909285212696,0.7299193416379419,1,1,83.0191623263889,50.01698107469183,1,1,1
frame_000171,images/frame_000171.png,train,-0.4319600244377253,-0.3722319846767813,0.304845871278516,0,0,0,0,0,0.5366440776799747,0.5269119401649743,0.1049131364680755,1,1,82.44871961805555,46.74649162982638,1,1,1
frame_000172,images/frame_000172.png,train,-0.0749103202701453,-0.075331549084461,0.0442123859992015,0,0,1,0,0,0.0929862594269716,0.5295436008462504,0.0473632368521243,1,1,111.38606770833333,41.06468735069942,1,1,1
frame_000173,images/frame_000173.png,train,0.6017337964221093,0.2916725873011115,0.054382500874785,0,0,0,0,0,-0.6223010000614264,0.5806193654094034,0.0455146009597004,1,1,70.58888888888889,49.568555639038266,1,1,1
frame_000174,images/frame_000174.png,train,-0.1251209853020893,0.6689295024992342,0.0899646724179777,0,1,0,0,0,-0.3008458188237268,0.4834881675932899,0.1611131745244919,1,1,81.90390625,50.71340713815879,1,1,1
frame_000175,images/frame_000175.png,train,0.0403169466105918,0.6440796827180094,0.115846809492322,1,0,0,0,0,-0.3982272970982847,0.3513902273555689,0.6973750798998652,1,1,113.355859375,50.73730911252808,1,1,1
frame_000176,images/frame_000176.png,train,0.7513744325027873,-0.1586935081579636,0.0929330170677854,0,0,0,0,0,-0.5193216187863464,0.5371985575257177,0.0574693791528553,1,1,104.24116753472222,48.9764396716186,1,1,1
frame_000177,images/frame_000177.png,train,-0.6166702880717853,-0.3051828766086902,0.0708298900883988,0,0,0,0,0,0.6432651786794357,0.5718754808547033,0.0498325373510714,1,1,97.5384548611111,53.499481974789994,1,1,1
frame_000178,images/frame_000178.png,train,-0.6339396212313854,0.0137515934195952,0.0168070505770403,0,0,1,0,0,0.4791658002605387,0.4273296080517587,0.0495111824828081,1,1,126.03760850694445,41.822151514497605,1,1,1
frame_000180,images/frame_000180.png,train,-0.3837075392976981,-0.1475082237829321,0.1229113793677305,0,0,0,0,0,0.3439997805037084,0.6002395093617546,0.0590213427119603,1,1,87.86792534722223,51.21625544601141,1,1,1
frame_000181,images/frame_000181.png,train,-0.2355387348000973,-0.2529468996219063,0.1414577681028118,1,0,1,0,0,0.3768874911057174,0.1433820342039963,0.7196501462462989,1,1,114.053515625,41.343240588128566,1,1,1
frame_000182,images/frame_000182.png,train,0.5544494494742005,-0.1387593074014186,0.0053960256293796,0,0,0,0,0,-0.363782061472021,0.607221501134877,0.0326094055476733,1,1,99.34108072916666,54.14810423811737,1,1,1
frame_000183,images/frame_000183.png,train,-0.137917807421067,0.253134871401245,0.125915804565598,0,0,0,0,0,-0.0121893126894243,0.6483459069178272,0.0558338044510053,1,1,81.0550564236111,50.64682899616329,1,1,1
frame_000184,images/frame_000184.png,train,0.3879641964924503,0.1345536821618226,0.2586565664541016,0,0,0,0,0,-0.4158541697167256,0.5518773624425743,0.0927542556244964,1,1,95.1443359375,51.02597612183188,1,1,1
frame_000185,images/frame_000185.png,train,-0.7030044839207502,0.3085550224867763,0.2616216017549158,0,1,0,0,0,0.3815503805060805,0.3078315426016293,0.2129302289779511,1,1,100.59357638888889,51.06689395675047,1,1,1
frame_000186,images/frame_000186.png,train,-0.1709057569721542,-0.0966342422525677,0.0817995749403346,0,0,0,0,0,0.2104138132674523,0.657188997376452,0.0454207866967574,1,1,122.98153211805555,49.88691667104994,1,1,1
frame_000187,images/frame_000187.png,train,-0.3813984027841645,-0.2512786948788945,0.0240055862256289,0,0,0,1,0,0.3992586772996149,0.635318364264197,0.0344557598285026,1,1,109.70881076388889,47.22937776172081,1,1,1
frame_000188,images/frame_000188.png,train,-0.530627389966777,0.0889604811070909,0.3887214624136311,0,0,0,0,0,0.3550234502924688,0.4778220101618737,0.1272929609180489,1,1,87.512890625,50.25972221950482,1,1,1
frame_000189,images/frame_000189.png,train,1.0,0.3835437832000373,0.3218429312770222,0,0,0,0,0,-0.9784880386322616,0.4073549740530423,0.1182170469567015,1,1,106.49077690972223,54.210228092723995,1,1,1
frame_000190,images/frame_000190.png,train,-0.3512003198457235,-0.5633929699260579,0.1187997713982357,0,0,0,0,0,0.5823478411792217,0.6081800160414728,0.057481548424294,1,1,79.55047743055556,45.56903116519552,1,1,1
frame_000191,images/frame_000191.png,train,0.2284142731590336,-0.4445500987414327,0.498802318381345,0,0,0,0,0,0.0362244556499606,0.4997363339347225,0.1497576033291181,1,1,83.09325086805555,53.66460357322543,1,1,1
frame_000192,images/frame_000192.png,train,-0.1250706625878062,0.1163586472042309,0.0765010725643542,0,0,0,0,0,0.0393959160509407,0.6682104920849148,0.0433733965973647,1,1,104.50091145833333,47.87103306239495,1,1,1
frame_000193,images/frame_000193.png,train,0.1292340826198867,0.4054309706675748,0.271194085391152,1,0,0,1,0,-0.3384954906602513,0.2792352535891194,0.7373238784989239,1,1,96.8087890625,46.30880698286225,1,1,1
frame_000194,images/frame_000194.png,train,0.3013874156196287,0.2583509995399488,0.1809268422915069,0,0,0,0,0,-0.4662631635404581,0.5963981220740467,0.0720920555382077,1,1,113.42022569444444,54.049613659624036,1,1,1
frame_000195,images/frame_000195.png,train,0.207036827771379,-0.1723555361986662,0.2813383167462459,0,0,0,0,0,-0.045421530283924,0.5801242235845381,0.095484491797411,1,1,87.23674045138888,50.25071352762133,1,1,1
frame_000196,images/frame_000196.png,train,-0.4143447075940221,0.0254665487279875,0.589306092621798,1,0,0,0,0,0.3140664868786663,0.1108739260635662,0.8207774262917102,1,1,106.68548177083333,53.18476962229485,1,1,1
frame_000197,images/frame_000197.png,train,-0.1262188308048668,0.2899379213291425,0.0820587466261531,0,0,0,0,0,-0.0989073039701359,0.6660356725198731,0.0447700704561638,1,1,92.69027777777778,49.18764198686897,1,1,1
frame_000198,images/frame_000198.png,train,0.167366110840079,0.3528498219524719,0.2707567081828012,0,0,0,0,0,-0.3256118844641337,0.5917619299680037,0.0922255214027759,1,1,94.11805555555556,47.65240575974479,1,1,1
frame_000199,images/frame_000199.png,train,0.055296563727818,-0.0302722266284548,0.167445560584421,0,0,0,0,0,-0.0265339365511944,0.650334741049889,0.0648112440445815,1,1,81.18014322916666,52.92542693872344,1,1,1
frame_000200,images/frame_000200.png,train,0.5459219655158974,0.1513219062890982,0.0711895193047266,0,1,0,0,0,-0.5165210609009703,0.4058992751401661,0.1631897522358265,1,1,93.64737413194445,49.31589007109293,1,1,1
frame_000201,images/frame_000201.png,train,0.4197127862937888,-0.1134323624992759,0.1616511605380685,0,0,0,0,0,-0.2523001500576921,0.5794795365529182,0.0692048923941416,1,1,102.8306857638889,51.05025459434834,1,1,1
frame_000202,images/frame_000202.png,train,0.0944985423069854,0.4378493203486924,0.0977399508659587,1,0,0,0,0,-0.277792661452372,0.3468913087355173,0.6937514844916696,1,1,89.39576822916666,48.20216157528224,1,1,1
frame_000203,images/frame_000203.png,train,-0.1727728296099434,0.3133717662906486,0.150538069938873,0,0,0,0,0,-0.0725501227378121,0.6327571095994057,0.0624978066185996,1,1,98.50625,54.12659298881086,1,1,1
frame_000204,images/frame_000204.png,train,-0.0193427085910207,-0.3265272789467363,0.5654169322463162,0,0,0,0,0,0.2111357053296337,0.5182355319955851,0.1629328825345427,1,1,100.50492621527778,49.57540834814355,1,1,1
frame_000205,images/frame_000205.png,train,-0.0289084940547367,-0.0506457451981618,0.3166484352857811,0,0,0,0,0,0.0295380515614028,0.6033913488390292,0.1013913478557495,1,1,95.42398003472222,53.64068941804027,1,1,1
frame_000206,images/frame_000206.png,train,0.1304464571678524,0.209765828355749,0.1558052910052955,0,1,1,0,1,-0.2109943911992388,0.2993788567145759,0.1903268554839989,1,1,126.85360243055555,73.43043323002311,1,1,1
frame_000207,images/frame_000207.png,train,-0.2638283379347975,0.376801767467913,0.1579792579729472,0,0,0,0,0,0.0138827302992399,0.611941592122509,0.0658001093842476,1,1,76.6625,48.70278500620998,1,1,1
frame_000208,images/frame_000208.png,train,0.0143474195352655,-0.4551184538421951,0.1874109465288748,0,0,0,0,0,0.2382214435297979,0.6515366848078407,0.0691074734517251,1,1,73.55323350694445,49.91323753050959,1,1,1
frame_000209,images/frame_000209.png,train,0.2477479858298016,-0.0958775582388341,0.1126319548603977,1,0,0,0,0,-0.1111930556065929,0.3110292186329004,0.6998966925786554,1,1,106.36759982638888,42.9825112374482,1,1,1
frame_000210,images/frame_000210.png,train,0.2438732353848423,-0.2593306541591044,0.2168838410786514,0,0,0,0,0,-0.0697971847921165,0.5953160085455035,0.080089164353663,1,1,89.18372395833333,49.4794400415625,1,1,1
frame_000211,images/frame_000211.png,train,0.0408726060155064,0.2749079510922022,0.6013914837168893,0,0,0,0,0,-0.2033893377016731,0.5013384594959874,0.1721990496580366,1,1,97.33220486111111,50.62497269546291,1,1,1
frame_000212,images/frame_000212.png,train,0.3958085398423575,-0.0393697185811119,0.2166417283135747,0,0,1,0,0,-0.2853011902575801,0.4050136871217772,0.0952600852592442,1,1,113.37239583333333,35.03653713183622,1,1,1
frame_000213,images/frame_000213.png,train,0.3114651076520782,-0.0375176120076897,0.0691379028101191,0,0,1,0,0,-0.1707583223205807,0.4735087124860426,0.0573296416193427,1,1,116.38658854166667,41.558979412222854,1,1,1
frame_000214,images/frame_000214.png,train,-0.1485322767580763,-0.0035510293859105,0.1087046591683098,0,0,0,0,0,0.1737869192858352,0.6522469139394762,0.05173527190187,1,1,98.8267795138889,49.00165622069855,1,1,1
frame_000215,images/frame_000215.png,train,0.3855397903836939,0.488807613298698,0.2471361381434946,0,1,0,0,0,-0.5853944558790806,0.3763943935730381,0.2042583989057257,1,1,97.70004340277778,49.241709151257176,1,1,1
frame_000216,images/frame_000216.png,train,-0.2687434874792844,-0.0975661738778184,0.1415205510060802,0,0,0,0,0,0.3177050743066424,0.616719109652015,0.0617969924491764,1,1,90.80169270833333,47.72735834908487,1,1,1
frame_000217,images/frame_000217.png,train,-0.1315323083478828,0.4527351960240188,0.145442447590266,0,0,0,0,0,-0.0951345399417037,0.6427886816738304,0.060574243935952,1,1,95.99019097222222,50.805890296819115,1,1,1
frame_000218,images/frame_000218.png,train,-0.950038420490199,-0.3795854683018702,0.0434504496579585,0,0,1,0,0,0.9743668472002264,0.3547846585216747,0.0611763262430169,1,1,113.87921006944444,38.945387132366506,1,1,1
frame_000219,images/frame_000219.png,train,-0.3786869905880264,0.3264218358721448,0.1114848097611983,0,0,1,0,0,0.1344333785403036,0.4452429184659752,0.0689072246701856,1,1,128.51282552083333,41.140701267525735,1,1,1
frame_000220,images/frame_000220.png,train,-0.2362850553023255,0.1927695885863577,0.1085801296193519,1,0,0,0,0,0.0252792695539861,0.3147399435727617,0.6987084330304365,1,1,85.200390625,47.924017459935364,1,1,1
frame_000221,images/frame_000221.png,train,-0.0738675341958576,-0.0500722092620392,0.4364905906705612,0,0,0,1,0,0.0828308984316677,0.552454786426132,0.1318315470334329,1,1,127.72805989583334,54.430682161432735,1,1,1
frame_000222,images/frame_000222.png,train,0.8447252435694257,0.0416816404652034,0.0798343060676493,0,0,0,0,0,-0.7002728978182957,0.5231129441624376,0.0557145118018878,1,1,80.99407552083333,50.46207824464428,1,1,1
frame_000223,images/frame_000223.png,train,-0.3988093044591304,-0.2878905277336155,0.4873135627296476,0,0,0,0,0,0.4917722550873208,0.4696783921527971,0.1496347124282987,1,1,96.84674479166667,44.16064662975153,1,1,1
frame_000224,images/frame_000224.png,train,-0.0513660265349484,0.2154533154199101,0.0104484345528096,0,0,0,0,0,-0.0985633804096046,0.7060698425995269,0.0258130681936559,1,1,89.33318142361111,47.98748970398795,1,1,1
frame_000225,images/frame_000225.png,train,0.2805874850109596,0.2278760438119013,0.0384770394582608,0,0,0,0,0,-0.4043080843044897,0.6504155391874168,0.036431705545824,1,1,76.57365451388888,48.62276710824451,1,1,1
frame_000226,images/frame_000226.png,train,0.1111803421404961,-0.1117694174658834,0.0554715604374101,0,0,0,0,0,-0.0659488367360228,0.6783488854188072,0.0379358324627256,1,1,102.962890625,47.82329728823899,1,1,1
frame_000227,images/frame_000227.png,train,-0.3296422246309782,0.16527918347926,0.1318303964477151,0,0,0,0,0,0.1699664079276685,0.607930916317104,0.0603682139131289,1,1,104.51336805555556,53.892913158004376,1,1,1
frame_000228,images/frame_000228.png,train,-0.1376364412225696,0.1323369580462604,0.012216233949039,0,0,1,0,0,0.1010115070846358,0.5281970298733224,0.0404318090789228,1,1,111.61356336805555,40.19190773167449,1,1,1
frame_000229,images/frame_000229.png,train,0.8945424500155869,0.3632885005306784,0.3643622167282326,1,0,0,0,0,-0.8801271401084261,0.0935647341420011,0.772674508948851,1,1,96.77137586805556,50.502374300614306,1,1,1
frame_000230,images/frame_000230.png,train,-0.1667210640872525,0.4442953704521701,0.2334301083093743,0,0,0,0,0,-0.1534098526733718,0.6049552492742685,0.0829582038861208,1,1,96.2064453125,50.44919815757897,1,1,1
frame_000231,images/frame_000231.png,train,-0.0527070457467587,-0.2253486828386356,0.2331506057326945,0,0,0,0,0,0.1657052786530241,0.6278558788442051,0.0810646629536563,1,1,101.05518663194445,46.91122828262191,1,1,1
frame_000232,images/frame_000232.png,train,0.2492506184357728,0.465292546593029,0.1781267610946011,0,0,0,0,0,-0.4057167213760979,0.607805509929735,0.0705634466464334,1,1,97.74956597222223,49.86724433035464,1,1,1
frame_000233,images/frame_000233.png,train,-0.6133831693125603,0.3031933369024542,0.029437789866909,0,0,0,0,0,0.3134394351491743,0.5870201396840697,0.0395147025959944,1,1,99.17042100694445,47.61841432571721,1,1,1
frame_000234,images/frame_000234.png,train,-0.968771115870656,0.2705732087812575,0.0052225163979622,0,0,0,0,0,0.6105205550965307,0.524417896086582,0.0391955219206251,1,1,90.793359375,51.757549932346315,1,1,1
frame_000235,images/frame_000235.png,train,-0.1689592429500617,-0.1856329471220276,0.025251490980006,0,1,0,0,0,0.2453187892282847,0.4973701295669855,0.1457657176502425,1,1,89.85054253472222,52.659147770256254,1,1,1
frame_000236,images/frame_000236.png,train,-0.1243569269496116,0.2413351640639396,0.1613725936240339,0,0,0,0,0,0.0305262699394029,0.6386482068416658,0.0644101140499541,1,1,84.15553385416666,52.10440204882924,1,1,1
frame_000237,images/frame_000237.png,train,-0.1033318558003739,0.4164585079499823,0.1288185386852156,0,0,0,0,0,-0.1704369276107917,0.6542471403000998,0.0560003072867394,1,1,102.38198784722222,48.416175917692094,1,1,1
frame_000238,images/frame_000238.png,train,-0.0699885860945648,0.3243280502961225,0.3006602517904461,0,0,0,0,0,-0.1322926675357416,0.6007711946544309,0.0980835598215437,1,1,106.47981770833333,51.25331316155293,1,1,1
frame_000239,images/frame_000239.png,train,0.6810431205009565,-0.3383255616435817,0.0611179038406206,0,0,0,0,0,-0.3384016715801206,0.5624001095555915,0.0484539300804892,1,1,93.67764756944445,48.88002153822338,1,1,1
frame_000240,images/frame_000240.png,train,-0.9893706312987876,-0.4903324329758801,0.2584778354427486,0,0,0,0,0,1.0,0.4316586313352804,0.1023324332905822,1,1,94.8396484375,51.306338901819416,1,1,1
frame_000241,images/frame_000241.png,train,0.0694259160644313,0.0136144301717841,0.0305034300839644,0,0,0,0,0,-0.0436285401589886,0.6954386162577262,0.031075665317854,1,1,74.2537109375,46.509287468895494,1,1,1
frame_000242,images/frame_000242.png,train,-0.0459299670167079,0.001062462680685,0.2274029609404186,0,0,0,0,0,0.1420401312023178,0.6312229702675118,0.0795308137854911,1,1,98.084375,53.130607536976875,1,1,1
frame_000243,images/frame_000243.png,train,0.4140682243753972,0.6308658169317601,0.1853449998921985,0,1,0,0,0,-0.6501257168310685,0.392315605162651,0.1893906515632716,1,1,96.528515625,55.55150429617063,1,1,1
frame_000244,images/frame_000244.png,train,-0.469248535675711,-0.0978950096480571,0.0276261891845523,0,0,0,0,0,0.416431496215997,0.6164811266502644,0.0367592714885803,1,1,91.47263454861111,48.27249032640253,1,1,1
frame_000245,images/frame_000245.png,train,-0.4670578973796745,0.0417386751539981,0.0995254030461429,0,0,0,0,0,0.3849906577480866,0.5917545294579151,0.0545552263135182,1,1,96.59730902777778,50.84278123998531,1,1,1
frame_000246,images/frame_000246.png,train,-0.0636166289491607,-0.0884876364080856,0.0365312670927041,0,0,0,1,0,0.1042447673868262,0.6944907307277214,0.0324776203021772,1,1,97.4521484375,52.073883410898546,1,1,1
frame_000247,images/frame_000247.png,train,-0.1772214813764741,-0.6849804345820604,0.1168973604591686,0,0,0,0,0,0.4989034274005263,0.6436416275639962,0.0542260890958973,1,1,81.23051215277778,51.9519679799971,1,1,1
frame_000248,images/frame_000248.png,train,0.0177548452286857,-0.0572587447183227,0.5335540098558756,0,0,0,0,0,-0.0024675076045323,0.5297051275047063,0.1550054719679161,1,1,95.6259765625,47.0509703271372,1,1,1
frame_000249,images/frame_000249.png,train,-0.0533474773153358,-0.0929370364089794,0.223502481663508,0,1,0,0,0,0.1539742712709146,0.4511046359547049,0.1930821750895953,1,1,97.57708333333333,49.36731748424536,1,1,1
frame_000250,images/frame_000250.png,train,0.2067281994386454,0.2737784660559532,0.0936109934347537,0,0,0,0,0,-0.3084101409608846,0.6458905124101071,0.0489231775628372,1,1,85.43194444444444,52.17935785157258,1,1,1
frame_000251,images/frame_000251.png,train,-0.1722382003212681,0.4017106814928113,0.0552368086051131,1,0,1,0,0,-0.0900103503562908,0.1862194769239567,0.6972545397392083,1,1,124.97341579861111,41.694202472798736,1,1,1
frame_000252,images/frame_000252.png,train,0.6834061452235768,0.2155254895342584,0.110711675816755,0,0,1,0,0,-0.5734247026553062,0.3845696844194203,0.0735909939261325,1,1,119.13897569444444,38.611716746751284,1,1,1
frame_000253,images/frame_000253.png,train,-0.1236816971098884,0.7518934798970657,0.1867607671792903,0,0,0,0,0,-0.3494184508591122,0.6298973920652706,0.0706955774142222,1,1,72.61145833333333,52.275074050358704,1,1,1
frame_000254,images/frame_000254.png,train,-0.1701846308556231,0.1307442399327107,0.1587358345775295,1,0,1,0,0,0.1285424793182961,0.1504055317267399,0.7228894410689173,1,1,109.07037760416667,38.10214045022491,1,1,1
frame_000255,images/frame_000255.png,train,-0.2303215126630328,-0.0758477386611513,0.1076035137832645,1,0,1,0,0,0.2535532340561902,0.1562744676432507,0.711170815620858,1,1,121.34828559027778,38.91886184603374,1,1,1
frame_000256,images/frame_000256.png,train,-0.4299530504652635,0.2140324556460385,0.639395251783929,0,0,0,0,0,0.2031417844023158,0.410221051782572,0.1878492712498586,1,1,105.24134114583333,48.05663006099557,1,1,1
frame_000257,images/frame_000257.png,train,0.7957974165347745,-0.1559748075516467,0.0947608631470391,1,0,1,0,0,-0.5172053279257576,0.0476742145915813,0.7170334527250221,1,1,110.37623697916666,37.35643995786784,1,1,1
frame_000258,images/frame_000258.png,train,-0.1940856293747243,0.0802945503860996,0.3899789664573211,0,0,0,0,0,0.0767528157516913,0.5446902358649927,0.1222201537514112,1,1,120.37124565972222,51.150256109795166,1,1,1
frame_000259,images/frame_000259.png,train,-0.3956079613435176,0.2663302325209968,0.0117755787756265,0,0,0,0,0,0.1487894017635328,0.6367569551598271,0.0316500709178516,1,1,93.98687065972223,50.89234515624494,1,1,1
frame_000260,images/frame_000260.png,train,-0.5605836100367885,0.6668247234642899,0.0239491412461734,0,0,0,0,0,0.0909081255187692,0.5995010785564816,0.0373087247896396,1,1,84.74286024305556,55.5859632356308,1,1,1
frame_000261,images/frame_000261.png,train,0.3295574069375526,0.061693960007847,0.1476252722775215,1,0,0,0,0,-0.2750318278352801,0.2824196733153569,0.7098839860358261,1,1,115.76184895833333,48.119041958583395,1,1,1
frame_000262,images/frame_000262.png,train,0.0326212083228538,-0.094505775523762,0.2233798636210385,0,0,0,0,0,0.0267285114436734,0.6352928060680657,0.0783201455111832,1,1,70.0044921875,48.6933382585108,1,1,1
frame_000263,images/frame_000263.png,train,-0.1852941334326018,-0.6828200313869941,0.0319659999561557,0,0,1,0,1,0.5042618611793673,0.511753073328825,0.0460922741240482,1,1,127.01028645833334,73.51528107934354,1,1,1
frame_000264,images/frame_000264.png,train,0.2303792011571742,-0.0302188424099284,0.1423275324187038,0,0,0,0,0,-0.1095338517653905,0.6241095234220188,0.0613832952583533,1,1,103.40162760416666,54.21878143569568,1,1,1
frame_000265,images/frame_000265.png,train,0.4596718293502723,0.1207786260198908,0.1084552451613122,1,1,0,0,0,-0.4715518496429278,0.0901062983234862,0.8166516500696097,1,1,124.65529513888889,51.59692089909106,1,1,1
frame_000266,images/frame_000266.png,train,-0.204184924650753,0.1911198263022714,0.206623349845374,0,1,0,0,0,0.0457799474602876,0.4268448426239684,0.1913095495560648,1,1,107.88687065972222,47.59941926928523,1,1,1
frame_000267,images/frame_000267.png,train,0.5510846351337406,-0.2520376384462972,0.1847361522596078,1,0,0,0,0,-0.3023019864076592,0.2251254196823891,0.7226319199225226,1,1,100.07905815972222,53.13403742392539,1,1,1
frame_000268,images/frame_000268.png,train,0.1364222125418057,-0.23113379107578,0.1344029754291005,0,0,1,0,0,0.0120615558253804,0.4856745160914536,0.0707146933070858,1,1,129.21017795138889,41.6955362034265,1,1,1
frame_000269,images/frame_000269.png,train,0.6635974939763554,-0.3023366259446637,0.0990793152325662,1,0,0,0,0,-0.3566358648383257,0.2326027408733307,0.7031892300812981,1,1,109.28194444444445,53.65948996433925,1,1,1
frame_000270,images/frame_000270.png,train,0.0109334415561908,-0.1443995415831765,0.0485178803937177,0,0,0,0,0,0.0938323307253596,0.7008320535509607,0.034607369402541,1,1,102.00323350694444,52.75935699787437,1,1,1
frame_000271,images/frame_000271.png,train,0.0582331481748645,0.5814564334370848,0.3400407045494856,0,0,0,0,0,-0.3635329044336995,0.5893391237727071,0.1076618250990702,1,1,93.96117621527777,47.203990759063956,1,1,1
frame_000272,images/frame_000272.png,train,0.0549183490691641,0.3696764481533999,0.427852516971236,0,0,0,0,0,-0.2718288658746262,0.5592679492462346,0.1293861177939732,1,1,84.62990451388889,51.851688284396985,1,1,1
frame_000273,images/frame_000273.png,train,0.3404361084750523,-0.5570662848402015,0.1602395335682046,0,0,0,0,0,0.0701815303883534,0.5958289415561179,0.0675863820605155,1,1,76.9117404513889,49.09342002691989,1,1,1
frame_000274,images/frame_000274.png,train,1.0,-0.3930333066300231,0.0811235095145897,0,0,0,0,0,-0.584433861623775,0.4916067716698936,0.0585186303596182,1,1,120.75815972222222,52.353477523142196,1,1,1
frame_000275,images/frame_000275.png,train,-0.0927690177812448,0.3532377671627152,0.2706192851682485,0,0,0,0,0,-0.0609168142342715,0.606729446634864,0.0909978870062255,1,1,89.1353515625,52.1910529421612,1,1,1
frame_000276,images/frame_000276.png,train,0.1058935351780335,-0.4234512850747764,0.1523369793703821,0,0,0,0,0,0.1871076151604866,0.6455033501847596,0.0618738674467032,1,1,95.72816840277778,47.77447767331163,1,1,1
frame_000277,images/frame_000277.png,train,0.5853438638544093,0.0180940190317513,0.2809814657994627,1,0,0,0,0,-0.470316389762563,0.184587714199306,0.7470489053399373,1,1,94.25653211805556,52.652218674777345,1,1,1
frame_000278,images/frame_000278.png,train,-0.4756654119600534,-0.008012619564158,0.0442954654167534,1,0,0,0,0,0.3367696754031258,0.2893635047121256,0.6865959220147156,1,1,111.15525173611111,51.30254913686162,1,1,1
frame_000279,images/frame_000279.png,train,0.3624340646104105,-0.0327740564397045,0.2255850091329923,1,0,0,0,0,-0.2649110043911309,0.2485584338813705,0.7297440272987487,1,1,95.64546440972222,48.80341112389304,1,1,1
frame_000280,images/frame_000280.png,train,0.063499254457516,0.0572882924198792,0.1004236188890664,0,0,0,0,0,-0.0909550301510015,0.6721518824973236,0.0483210455558087,1,1,85.79861111111111,50.19471052894794,1,1,1
frame_000281,images/frame_000281.png,train,-0.6686816727332447,-0.449063441568289,0.0260387168777713,0,0,0,0,0,0.769382376928134,0.5771501145461311,0.0395565085494192,1,1,88.27009548611112,49.85401265637773,1,1,1
frame_000282,images/frame_000282.png,train,-0.4936497483663895,-0.4605387410714986,0.1490334105492682,0,0,0,1,0,0.6632424711686521,0.5691083566344782,0.0672586817900807,1,1,89.30970052083333,52.232755507571916,1,1,1
frame_000283,images/frame_000283.png,train,-0.3368364692611489,0.3421884854523177,0.0933267909909062,0,0,0,0,0,0.11793678022738,0.6199683293009529,0.0509344276739231,1,1,77.50972222222222,54.36113880726598,1,1,1
frame_000284,images/frame_000284.png,train,0.9813718081009298,0.0283599212064951,0.3583555772067883,0,0,0,0,0,-0.8113598741875945,0.3983011863574381,0.1269741320768984,1,1,113.17055121527778,48.909498391853184,1,1,1
frame_000285,images/frame_000285.png,train,0.2070758416301127,-0.1023576376303266,0.0711567180395822,0,0,0,0,0,-0.1635670826022753,0.6536799803601236,0.0433600795398982,1,1,102.14500868055555,49.35586501844209,1,1,1
frame_000286,images/frame_000286.png,train,0.6964501215899019,-0.0716642424505249,0.0862260746852793,1,0,0,1,0,-0.5424401822963371,0.2305308495421717,0.7005272684673877,1,1,96.92298177083333,49.85388974325527,1,1,1
frame_000287,images/frame_000287.png,train,-0.2050605825431082,0.1257502561551665,0.0718332718555507,0,0,1,0,0,0.0527118032293293,0.4938462383419355,0.0562956207408663,1,1,124.04392361111111,41.173483088090514,1,1,1
frame_000288,images/frame_000288.png,train,-0.3281910847826375,0.0531554195009639,0.0848227460327542,0,0,0,1,0,0.2317097546949883,0.6246738219320085,0.0486870983726452,1,1,109.2783203125,52.824891203727,1,1,1
frame_000289,images/frame_000289.png,train,0.1459587762594261,-0.3848417936576269,0.3510931401173556,0,0,0,0,0,0.1101486380226723,0.5679256457070403,0.111806439169255,1,1,82.12404513888889,49.183348370162236,1,1,1
frame_000290,images/frame_000290.png,train,-0.6269329596678882,-0.3238697525952518,0.1579149399935065,1,0,0,1,0,0.6924435106496458,0.2193431790686949,0.7171938324730758,1,1,87.97836371527778,52.09240950681154,1,1,1
frame_000291,images/frame_000291.png,train,-0.3519825611406905,-0.0384525459556026,0.2046531274649501,0,0,0,1,0,0.3153291466997918,0.5779748931591293,0.0787856965895586,1,1,82.36684027777778,51.864941488843456,1,1,1
frame_000292,images/frame_000292.png,train,-0.5056926336279933,0.3626712785291257,0.1180719053871032,0,0,0,0,0,0.1860570105448107,0.5775363063889152,0.0597729146740495,1,1,119.64344618055556,53.06148814241576,1,1,1
frame_000293,images/frame_000293.png,train,-0.2774282430731072,0.2634622647280339,0.2571470160862991,0,0,0,0,0,0.0215506941414776,0.5745128957551738,0.0906113118785719,1,1,97.36330295138889,51.36894541938966,1,1,1
frame_000294,images/frame_000294.png,train,0.3767473511511703,-0.0686209334922363,0.2918916415277591,0,1,1,0,0,-0.2669723534667974,0.2024884552350502,0.228017084717303,1,1,124.29507378472222,41.100936708326344,1,1,1
frame_000295,images/frame_000295.png,train,0.182789624640119,0.4539947505635263,0.1853957995585718,0,0,0,0,0,-0.3766485624954382,0.6185535452264761,0.0713027922847677,1,1,67.26508246527777,47.32439648836519,1,1,1
frame_000296,images/frame_000296.png,train,0.8486167140726075,0.4980902822003521,0.1250576100022958,1,0,0,0,0,-0.9693510144982966,0.1865064936846749,0.712592154705731,1,1,104.49811197916667,49.07249806031706,1,1,1
frame_000297,images/frame_000297.png,train,-0.297408361069953,-0.3538713478919013,0.1044044393350609,0,1,0,0,0,0.4645665443214055,0.443976774018738,0.1674508347322144,1,1,97.92621527777777,52.13851725127968,1,1,1
frame_000298,images/frame_000298.png,train,-0.0236929039064691,-0.3861008819276587,0.0016951296414133,0,0,0,0,0,0.2227828849466535,0.7146681238442114,0.023199478613574,1,1,88.07198350694445,49.42152656477523,1,1,1
frame_000299,images/frame_000299.png,train,-0.4997232273696373,-0.0820464870423292,0.6351914839675766,0,0,0,0,0,0.4250388989423117,0.3977383351374207,0.1879230596618731,1,1,73.630859375,48.5821784002698,1,1,1
frame_000300,images/frame_000300.png,train,-0.664925337935935,-0.2105828535715714,0.0724772523534496,0,0,0,0,0,0.6272091588059135,0.5616478940891056,0.0510131639906304,1,1,99.66499565972222,50.19683338605961,1,1,1
frame_000301,images/frame_000301.png,train,-0.1834512860171407,0.1254085877422985,0.2504415524541409,0,0,0,0,0,0.0710778412351068,0.5956551994376226,0.0874447255849012,1,1,106.47513020833334,49.29378110321621,1,1,1
frame_000302,images/frame_000302.png,train,0.0165192175891957,-0.0858504243516688,0.1738861526205538,0,0,0,1,0,0.0682039154632857,0.6558360030649669,0.0657880733313245,1,1,77.1876953125,50.08496852035492,1,1,1
frame_000303,images/frame_000303.png,train,-0.1131662992654519,0.2916590294859327,0.0097394441968221,0,0,0,0,0,-0.0456613695072334,0.6939579346780218,0.0266260429490591,1,1,106.76030815972223,47.04163981851355,1,1,1
frame_000304,images/frame_000304.png,train,-0.1365043657424379,0.2292508233119342,0.0610914234948455,0,0,0,0,0,0.0252504006158983,0.6713171286283164,0.0397347428786007,1,1,96.134765625,48.481204992572884,1,1,1
frame_000305,images/frame_000305.png,train,-0.2017759073558703,-0.2844633949284724,0.2899908062222567,0,0,0,0,0,0.3124015860087226,0.5781480363510361,0.0975461344608136,1,1,78.92625868055555,49.775358082963606,1,1,1
frame_000306,images/frame_000306.png,train,-0.6683613234228254,0.1603488773814229,0.2262282270253444,0,0,1,1,0,0.4311918425483216,0.3471478558565643,0.1019983814770506,1,1,130.29019097222223,38.558036379047806,1,1,1
frame_000307,images/frame_000307.png,train,-0.2982015384052907,-0.0161483504961864,0.1836814795178107,0,1,1,0,0,0.2817906505039294,0.2560711744877081,0.1999242315349017,1,1,136.3713324652778,39.711834493412354,1,1,1
frame_000308,images/frame_000308.png,train,0.541670996719243,0.3765958075460865,0.0332924795058037,0,0,0,0,0,-0.6022677198273023,0.6000134328291201,0.0393232708649472,1,1,93.22779947916666,47.164972959152315,1,1,1
frame_000309,images/frame_000309.png,train,0.1380593048428723,-0.1372428249461995,0.1002010309586518,0,0,0,0,0,-0.0038642168810637,0.6573177781958973,0.0494588045552316,1,1,98.33741319444445,51.28383154592351,1,1,1
frame_000310,images/frame_000310.png,train,0.1556545762991076,-0.1392730012474406,0.1246042837361315,0,0,0,0,0,-0.0505158128702714,0.6452575854325324,0.0557923355873463,1,1,116.10575086805555,52.627455586517286,1,1,1
frame_000311,images/frame_000311.png,train,0.1717416702555558,-0.6193580574207518,0.0307267342059547,0,0,0,0,0,0.2640281201995594,0.6748973089768047,0.0327680968071656,1,1,102.46180555555556,47.66445825890575,1,1,1
frame_000312,images/frame_000312.png,train,-0.3422657630777361,-0.265503938208069,0.1823522034277493,0,0,1,0,0,0.415525997175884,0.4277235761847405,0.0858995986593256,1,1,119.16226128472222,37.194125160421386,1,1,1
frame_000313,images/frame_000313.png,train,-0.1951667705715451,0.2350657394972594,0.0077314411855218,0,0,0,0,0,-0.020884042881863,0.6782606414707583,0.0274400657431541,1,1,104.92975260416667,53.608142424700645,1,1,1
frame_000314,images/frame_000314.png,train,-0.1180296101503046,0.4449314602303507,0.0844359498021194,0,0,0,0,0,-0.116158844539112,0.6668414955391972,0.0452285893133305,1,1,97.18038194444445,51.13396770568797,1,1,1
frame_000315,images/frame_000315.png,train,-0.7736717792157577,-0.0511636198656026,0.0711212886206771,0,0,0,0,0,0.6531079029845763,0.5403731931396114,0.05241682804538,1,1,105.34229600694445,51.28438759213738,1,1,1
frame_000316,images/frame_000316.png,train,-0.2033204259373119,-0.0272905834553505,0.4979601381314866,0,0,0,0,0,0.1591741874713717,0.5050498664665173,0.1491472410716056,1,1,104.65536024305555,51.80553116584593,1,1,1
frame_000317,images/frame_000317.png,train,0.1221281807453438,0.2363348585793398,0.2569880228763935,0,0,0,0,0,-0.1876400084578352,0.6056285558441934,0.0880870805652711,1,1,91.52146267361111,46.79753338977954,1,1,1
frame_000318,images/frame_000318.png,train,0.6542422563242165,0.0567468206202092,0.2484198018058468,0,0,0,0,0,-0.5219701638486755,0.5022046181031102,0.0944759869490375,1,1,129.15835503472223,48.300306937383716,1,1,1
frame_000319,images/frame_000319.png,train,-0.6230447847054744,0.2758182396680426,0.1361679617005677,0,0,0,0,0,0.3118455411736086,0.5477322564637064,0.0661383710570283,1,1,91.05364583333333,54.163141990190766,1,1,1
frame_000320,images/frame_000320.png,train,-0.7558426754562109,0.0621435856159306,0.1643443629679758,0,1,0,0,0,0.5047797782171768,0.3313109378699662,0.1896508848233574,1,1,87.06356336805555,50.93716530711765,1,1,1
frame_000321,images/frame_000321.png,train,-0.4678974592598092,-0.0495863646872671,0.2652013402737834,0,0,0,0,0,0.396214771051465,0.5336000390522139,0.0956562917360552,1,1,85.92217881944444,53.11953626585955,1,1,1
frame_000322,images/frame_000322.png,train,0.1497377129658005,0.0370797697970337,0.3116491798629041,0,0,0,0,0,-0.1586666120670831,0.5809752444548234,0.102084800013453,1,1,107.07942708333333,46.58290131379383,1,1,1
frame_000323,images/frame_000323.png,train,-0.156421852824685,0.4817714091893529,0.0780038506059227,0,0,0,0,0,-0.2188444821593542,0.66141428172299,0.0442477045954638,1,1,87.26610243055555,50.55854886275479,1,1,1
frame_000324,images/frame_000324.png,train,-0.2770427658299663,0.5298829202742854,0.0705818641360292,0,0,0,0,0,-0.0901788564869423,0.6398877943863965,0.0443369865590147,1,1,83.54639756944445,52.6418789740481,1,1,1
frame_000325,images/frame_000325.png,train,0.0452959493028002,-0.0218487543280561,0.5436821496248816,0,1,0,0,0,-0.0626247503831814,0.3406520577707314,0.2723579082958154,1,1,105.7659939236111,53.976764410169444,1,1,1
frame_000326,images/frame_000326.png,train,-0.4742828188493768,-0.1653270393531489,0.2748468516608511,0,0,0,0,0,0.4734253016235392,0.5289470381488267,0.0981505443134811,1,1,101.81966145833333,50.52511051196722,1,1,1
frame_000327,images/frame_000327.png,train,0.1845223411799271,-0.5966928416855832,0.3813185528132297,0,1,0,0,0,0.2159552472897128,0.3696340382793842,0.2343193585565598,1,1,102.33951822916667,52.38571125665012,1,1,1
frame_000328,images/frame_000328.png,train,-0.3303093984691705,-0.0073759870632959,0.0197236504999624,0,0,0,0,0,0.2284956918694649,0.6470348426311789,0.0325764156994974,1,1,95.18170572916667,55.14495725163755,1,1,1
frame_000329,images/frame_000329.png,train,0.020612857264457,0.070107797795501,0.1419572163531671,0,0,0,0,0,-0.0416358145305462,0.6661924028235,0.0579351953718167,1,1,91.14047309027778,50.10961546032599,1,1,1
frame_000330,images/frame_000330.png,train,-0.2583171327692913,0.0787337756948803,0.2095395168636789,0,1,0,1,0,0.1629749284239753,0.4149977425438541,0.192898874306501,1,1,123.80078125,48.39647123715832,1,1,1
frame_000331,images/frame_000331.png,train,0.1581865810455942,0.0367526535773995,0.5278858928355448,0,0,0,0,0,-0.1408931314650309,0.5036026212984406,0.1558466867199446,1,1,97.52476128472222,50.41474853173094,1,1,1
frame_000332,images/frame_000332.png,train,-0.2212893820243647,-0.3091165762931339,0.0476775869058453,0,0,1,0,0,0.3831522004340673,0.4990549681780811,0.0505646716650394,1,1,131.9564453125,40.673224471717226,1,1,1
frame_000333,images/frame_000333.png,train,0.2676430816046087,-0.4743959498596433,0.1641210335520713,0,0,0,0,0,0.0797816082380597,0.6090290219358533,0.0673843056265874,1,1,98.80219184027777,53.07922087570827,1,1,1
frame_000334,images/frame_000334.png,train,-1.0,-0.2424060494681575,0.0113555993817544,0,0,0,0,0,0.9231467292414534,0.516025540216386,0.041216188646675,1,1,100.71358506944445,45.88163456219347,1,1,1
frame_000335,images/frame_000335.png,train,0.142775765060154,-0.0629504819978461,0.1632225123322427,1,1,0,0,0,-0.0982295289583801,0.1343169676716842,0.8251635952993586,1,1,97.63500434027777,51.84393860432154,1,1,1
frame_000336,images/frame_000336.png,train,-0.2654474070002111,-0.0407381180203214,0.2225629987697699,0,1,0,0,0,0.1989616594531003,0.4090134690305382,0.1962427822069063,1,1,98.5734375,46.92030391454848,1,1,1
frame_000337,images/frame_000337.png,train,0.420586753154438,-0.2167905783710078,0.2090729007177696,0,0,0,0,0,-0.1632344705333228,0.562707134117893,0.0809794674284778,1,1,114.24943576388888,50.98152685444802,1,1,1
frame_000338,images/frame_000338.png,train,0.1937324907880888,-0.2450181562004414,0.0797072726176471,0,1,0,0,0,0.0266480484101766,0.4733559564262057,0.1596671234617859,1,1,116.42760416666667,48.16594769672732,1,1,1
frame_000339,images/frame_000339.png,train,-0.0504497478023898,0.3180337731917453,0.1140076579514741,0,0,0,0,0,-0.1629380302157408,0.6700073701565061,0.0514810951368038,1,1,94.010546875,54.33757070528932,1,1,1
frame_000340,images/frame_000340.png,train,-0.1945364248230041,0.6444039367573305,0.0495206493184077,0,1,0,0,0,-0.2259500482897973,0.4837604877739565,0.1521937038281332,1,1,98.56449652777778,42.98453480682344,1,1,1
frame_000341,images/frame_000341.png,train,-0.1264935369113252,0.3069122053952876,0.099067950759445,0,1,0,0,0,-0.0130262604311545,0.4800275098519292,0.1633927483789235,1,1,91.90911458333333,47.36751978743725,1,1,1
frame_000342,images/frame_000342.png,train,0.4811845138776096,0.1872147221974114,0.1979329149189686,0,0,0,0,0,-0.48125002948917,0.5544865770028391,0.0791863151219459,1,1,109.19848090277777,48.7789699120272,1,1,1
frame_000343,images/frame_000343.png,train,0.3306340154374795,0.1660026028827891,0.0749012688341576,0,1,0,0,0,-0.3507566988967205,0.4476577528205488,0.1606656589178707,1,1,87.19286024305555,51.002834941933855,1,1,1
frame_000344,images/frame_000344.png,train,0.2594221756315654,-0.0627347388092757,0.482782809131841,0,1,0,0,0,-0.154951589665717,0.3191415816775425,0.2606808914748016,1,1,101.8115234375,49.551678901600624,1,1,1
frame_000345,images/frame_000345.png,train,0.2899859864482289,0.1197305505499344,0.0070677753930906,0,0,0,0,0,-0.2555397008619263,0.6595290813227724,0.0287925840806581,1,1,77.40236545138889,47.581867667099424,1,1,1
frame_000346,images/frame_000346.png,train,-0.6441401643362022,0.2756321191962002,0.0585836584388293,0,0,0,0,0,0.3208596054831744,0.5706676866791693,0.0472349899222089,1,1,86.32265625,46.23621245946854,1,1,1
frame_000347,images/frame_000347.png,train,-0.5317365161923355,-0.0540758691441979,0.6588507631762008,0,1,0,0,0,0.4604790911555608,0.2030549296498626,0.3087027735267752,1,1,83.63174913194445,51.11269720702815,1,1,1
frame_000348,images/frame_000348.png,train,0.4269619321061278,0.0631503606362614,0.1908635798001717,0,0,0,0,0,-0.3998445816809931,0.5678053606487142,0.0765655587041406,1,1,83.90206163194445,52.22612280971837,1,1,1
frame_000349,images/frame_000349.png,train,-0.1747446590799939,0.12870180811832,0.2720381939364913,1,0,0,1,0,0.0849948804356912,0.2698377003062292,0.7382613866415297,1,1,105.62736545138888,53.996763279926874,1,1,1
frame_000350,images/frame_000350.png,train,-0.3101748537019341,0.1146127905865198,0.0153209203212695,0,0,0,0,0,0.1505674584465459,0.6526027071471687,0.0311623858989058,1,1,106.60792100694445,50.144414125471805,1,1,1
frame_000351,images/frame_000351.png,train,0.58305864262722,-0.2195958905796897,0.0760254123041781,0,1,0,0,0,-0.2682209381014803,0.3967793771680936,0.1649832405334717,1,1,104.4642578125,52.0376743891324,1,1,1
frame_000352,images/frame_000352.png,train,-0.2876426790429459,0.195921990888429,0.3511126100629176,0,0,1,0,0,0.1849806489084189,0.3795820506693896,0.1268782101602907,1,1,117.070703125,41.216199759268115,1,1,1
frame_000353,images/frame_000353.png,train,-0.3927089376458065,-0.6240008454415028,0.053685525294325,1,0,0,0,0,0.6535059272852254,0.3026682786178248,0.6875973532753255,1,1,91.91903211805555,49.62562860573751,1,1,1
frame_000354,images/frame_000354.png,train,0.5856003361815,0.1770604888506818,0.3378119251420202,0,0,0,1,0,-0.5667517744488928,0.4846457589639929,0.115546962814125,1,1,83.13893229166666,51.055799607025804,1,1,1
frame_000355,images/frame_000355.png,train,0.574873445711689,0.0501146239876337,0.1018507386732273,0,1,0,0,0,-0.4852042293142973,0.3893775523220326,0.1712569583223474,1,1,115.88233506944445,52.47857946375418,1,1,1
frame_000356,images/frame_000356.png,train,-0.2521793378129945,0.2141697671310978,0.4150876831643708,0,0,0,0,0,0.0169111434359234,0.5242834433298713,0.1293766148297718,1,1,85.73446180555555,50.32670927599602,1,1,1
frame_000357,images/frame_000357.png,train,0.429511178185565,0.5243649424466367,0.1629485861297109,0,0,0,0,0,-0.5837620204841376,0.5770657592174882,0.0696834282111373,1,1,83.32823350694444,48.083740084439924,1,1,1
frame_000358,images/frame_000358.png,train,-0.0388498290198481,0.073222561082632,0.0119256670278726,0,0,0,0,0,-0.0046330955550575,0.708056050736275,0.02597916268723,1,1,92.5642578125,53.61504450869778,1,1,1
frame_000359,images/frame_000359.png,train,-0.4684633442336439,0.0794885327070244,0.069045996083418,0,0,0,0,0,0.3350386665644516,0.6021412325240749,0.0470188205364259,1,1,97.52096354166666,49.12201533315823,1,1,1
frame_000360,images/frame_000360.png,train,-0.0293190667367377,0.218546374976028,0.4752809747436196,0,0,1,0,0,-0.0517396477251233,0.3877878454923855,0.1535387868042054,1,1,124.39116753472223,42.021968513935285,1,1,1
frame_000361,images/frame_000361.png,train,0.1981466497069626,-0.1260362333247324,0.0935437453360331,0,0,0,0,0,-0.0685343647548889,0.6476303591909958,0.0487691952386476,1,1,92.06052517361111,49.57676956626935,1,1,1
frame_000362,images/frame_000362.png,train,-0.6378847747576426,0.2510278572864057,0.0985049744323648,0,1,0,0,0,0.319195890501549,0.3779463039971437,0.1714353900553487,1,1,101.60377604166666,51.917982473746875,1,1,1
frame_000363,images/frame_000363.png,train,1.0,0.1491973019490789,0.1273934876809402,1,0,1,0,0,-0.8877900891906236,0.0,0.7280265672898069,1,1,124.08101128472222,38.20653751938742,1,1,1
frame_000364,images/frame_000364.png,train,0.4040809468475928,0.626752127702779,0.3765188689157226,0,0,0,0,0,-0.6675104271131019,0.5074022065099786,0.1222419746406607,1,1,84.68359375,47.10489062102039,1,1,1
frame_000365,images/frame_000365.png,train,0.7291210871728664,0.047882327347901,0.008228975472938,0,0,0,0,0,-0.5482398772400734,0.5712956411498984,0.0361067233120545,1,1,92.82289496527778,50.3790393433702,1,1,1
frame_000366,images/frame_000366.png,train,0.3741734506300916,-0.011380564501432,0.0463339099454631,0,0,0,0,0,-0.3172677659045046,0.6289484413930696,0.0398775848765563,1,1,74.83745659722223,49.284971665536844,1,1,1
frame_000367,images/frame_000367.png,train,0.8584213562228745,-0.2837233467687434,0.2320672683391695,0,0,0,0,0,-0.5444505495802078,0.4670921848367156,0.09368742424768,1,1,102.99001736111111,53.38104583895682,1,1,1
frame_000368,images/frame_000368.png,train,0.0770783877579613,0.3823743080650669,0.2120762124769153,1,0,0,0,0,-0.3248264193849927,0.3103576480814873,0.7218281548984024,1,1,102.51625434027778,54.22451234698791,1,1,1
frame_000369,images/frame_000369.png,train,-0.2857480654117495,-0.6455721005882653,0.098184508973156,0,0,0,1,0,0.5579686916704447,0.6284858087770454,0.0513217272719307,1,1,96.69151475694444,52.305862922393366,1,1,1
frame_000370,images/frame_000370.png,train,0.1086837679401952,-0.1254660678037657,0.126260037340952,1,0,0,0,0,0.0096085682142494,0.3340722333426277,0.7010514295475992,1,1,90.49932725694444,52.645258286321734,1,1,1
frame_000371,images/frame_000371.png,train,0.2763282781164089,-0.4590376745218807,0.5571586061222122,1,0,0,0,0,0.0474471027306643,0.1497288322339439,0.8105965867681711,1,1,88.25974392361111,53.04691117961831,1,1,1
frame_000372,images/frame_000372.png,train,-0.4902589803678011,-0.2544676250592589,0.0600945350661411,0,0,1,0,0,0.5099173117208751,0.4409151166532902,0.0579475883822878,1,1,120.0984375,42.737787985156054,1,1,1
frame_000373,images/frame_000373.png,train,0.4423722094450933,-0.3965298952264968,0.0598448918377943,1,0,0,1,0,-0.121824141934666,0.2905798459677532,0.6899194885268944,1,1,103.34932725694445,52.08633530497494,1,1,1
frame_000374,images/frame_000374.png,train,0.4202885858702746,-0.1515281267340935,0.180804828914672,0,0,0,0,0,-0.1830178422505513,0.5726605927058098,0.073964214944763,1,1,117.3695095486111,51.832127816424894,1,1,1
frame_000375,images/frame_000375.png,train,-0.124328573910975,0.5702928316982021,0.2578924589733444,0,0,0,0,0,-0.1807300071103957,0.6048719245771343,0.088346587007965,1,1,111.62387152777778,51.304625136126816,1,1,1
frame_000376,images/frame_000376.png,train,0.9472181748612372,-0.222400624299789,0.2971303752871105,0,0,0,0,0,-0.6059043947391449,0.4265607336772638,0.1112438238689832,1,1,77.18142361111111,49.718327547835784,1,1,1
frame_000377,images/frame_000377.png,train,0.0354948729708205,0.0233207435431973,0.2472359856797366,0,0,0,0,0,-0.0742928761018824,0.6263684304179281,0.0842824424161078,1,1,103.31510416666667,50.2833340859047,1,1,1
frame_000378,images/frame_000378.png,train,-0.0513339105056975,0.0870661615321853,0.199222782176202,0,0,0,0,0,-0.0291467845560612,0.6400052441371897,0.0726285925477892,1,1,77.43253038194445,42.84734192459804,1,1,1
frame_000379,images/frame_000379.png,train,-0.462332488570343,-0.0486587446004497,0.1897622716407326,0,0,0,0,0,0.3865792800735241,0.561116707211675,0.0768583631840272,1,1,99.73335503472222,49.807202234075575,1,1,1
frame_000380,images/frame_000380.png,train,0.1091337567773001,0.436281162945289,0.1767236372348921,0,0,0,0,0,-0.3290501768603288,0.6363199756123278,0.06797360214269,1,1,104.355859375,50.13449372764671,1,1,1
frame_000381,images/frame_000381.png,train,0.0163403203409091,0.3468190787561531,0.0136617193693125,0,0,0,0,0,-0.2528598513737508,0.7119503341525588,0.026049551529044,1,1,110.2298828125,50.64683339445392,1,1,1
frame_000382,images/frame_000382.png,train,0.1635428814734191,-0.2309776585603366,0.2918244261164545,0,1,0,0,0,0.006583910752444,0.405152874564557,0.2117891437804554,1,1,94.86451822916666,49.60650788681354,1,1,1
frame_000383,images/frame_000383.png,train,0.6225569485704575,-0.0932228657009059,0.1514619981971907,0,0,0,0,0,-0.4445788274543107,0.5424769109168918,0.0699234867300306,1,1,81.7703125,50.60403951102026,1,1,1
frame_000384,images/frame_000384.png,train,0.4794828398786147,0.1689370710215187,0.2276141366306892,0,0,0,0,0,-0.4705007251698654,0.5444384842035359,0.0865200313224687,1,1,93.59125434027777,51.93517140193299,1,1,1
frame_000385,images/frame_000385.png,train,-0.4105950346496275,-0.1219746684697492,0.1304296971777995,0,1,0,0,0,0.3492991553834612,0.4122305990578447,0.1757160854544883,1,1,82.51762152777778,49.15694415066664,1,1,1
frame_000386,images/frame_000386.png,train,-0.4580351351569365,-0.3389210240309803,0.3404847954825409,1,0,0,0,0,0.4842353935101324,0.1892232945497233,0.7597687914421811,1,1,87.61341145833333,53.245253870332135,1,1,1
frame_000387,images/frame_000387.png,train,-0.1163814137756,0.2660180515869579,0.1107698696201426,0,0,0,0,0,-0.0600603323795404,0.65795426287783,0.0517330302862049,1,1,117.43023003472223,52.29150806947265,1,1,1
frame_000388,images/frame_000388.png,train,-0.0615429605647989,3.693093063706649e-05,0.1040212122675201,1,0,0,0,0,0.0181038590385244,0.3512839835934082,0.6947819480113818,1,1,101.41905381944444,50.16154244116667,1,1,1
frame_000389,images/frame_000389.png,train,0.2460494667289985,0.113478501356806,0.1751811668938513,0,0,1,1,0,-0.2934212529731969,0.4494766982413522,0.0825817208573391,1,1,125.74576822916667,40.83840441374841,1,1,1
frame_000390,images/frame_000390.png,train,0.2317744830102481,0.1256612032377386,0.0013714672201603,0,0,0,0,0,-0.2203859186523659,0.6731650898708942,0.0264485155987637,1,1,93.98897569444445,52.2769273715387,1,1,1
frame_000391,images/frame_000391.png,train,0.2802468308510397,0.406824752695719,0.3639117066791893,0,0,0,1,0,-0.4243905431047328,0.5365815364920757,0.1171340525500556,1,1,95.13910590277777,49.91572940375532,1,1,1
frame_000392,images/frame_000392.png,train,0.3828738809890222,-0.2742222671010839,0.0124345716835593,1,0,0,0,0,-0.1450575929734674,0.3190731237129498,0.677209755873347,1,1,103.24201388888889,49.70815980802153,1,1,1
frame_000393,images/frame_000393.png,train,-0.4735282154121338,-0.0974192190879875,0.0493860212408505,0,1,0,0,0,0.4261488869986382,0.4280092494832755,0.1566241847143251,1,1,104.62057291666666,53.447241659333656,1,1,1
frame_000394,images/frame_000394.png,train,0.0431356461740572,-0.1359421362134373,0.3303441541803231,0,0,0,0,0,0.02978943557612,0.5957524168020755,0.105015520575505,1,1,83.84685329861111,50.323402511740866,1,1,1
frame_000395,images/frame_000395.png,train,0.7077768790594892,-0.0940561467811935,0.253703541014143,0,0,0,0,0,-0.5115039851794712,0.4896483848331521,0.0966429082364592,1,1,106.97630208333334,53.698129065590884,1,1,1
frame_000396,images/frame_000396.png,train,0.8011079902347958,0.6967047678487248,0.1239713518043372,0,0,0,0,0,-0.9692697781398024,0.5163884288215227,0.0659626230912323,1,1,93.54639756944445,51.44596106367875,1,1,1
frame_000397,images/frame_000397.png,train,-0.1582505149761073,-0.3278661504763634,0.0950089620319628,0,1,0,0,0,0.2858579641391557,0.4750967602935916,0.1628942308235444,1,1,86.86727430555555,50.77970964536733,1,1,1
frame_000398,images/frame_000398.png,train,-0.0726990002307421,-0.2510727083343604,0.3962050223778172,1,0,1,0,0,0.2143386818378837,0.0867884421216155,0.7802220295533905,1,1,121.1380642361111,40.306513776932384,1,1,1
frame_000399,images/frame_000399.png,train,0.210282044835187,0.2292549347575438,0.3013395493688491,0,0,1,0,0,-0.2735136274918642,0.4124747487538653,0.1132967209608376,1,1,113.36223958333333,38.821510376348485,1,1,1
frame_000400,images/frame_000400.png,train,0.3901728329141023,0.3314946143734266,0.0068379783988728,0,0,0,0,0,-0.5567349264588354,0.639572140977574,0.0303385839695461,1,1,103.88365885416667,51.706946516269916,1,1,1
frame_000401,images/frame_000401.png,train,0.3882375757257413,0.4928047235834608,0.059524711499188,0,0,0,0,0,-0.556627933445945,0.6215188358301358,0.0433739296634105,1,1,112.42330729166666,50.00688254886787,1,1,1
frame_000402,images/frame_000402.png,train,0.2492638086802101,0.0712925920412895,0.1942388699624113,0,0,0,0,0,-0.2559793589365405,0.602163633777114,0.0745594606895613,1,1,93.66362847222223,51.534751422659454,1,1,1
frame_000403,images/frame_000403.png,train,0.4839517751612396,0.482382836086387,0.1474617869781035,0,0,0,0,0,-0.6059766878339055,0.5715980195254158,0.0667137515731495,1,1,78.61881510416667,52.130611768118015,1,1,1
frame_000404,images/frame_000404.png,train,0.2159591658772079,-0.1884727913619812,0.0337005375753392,0,0,1,0,0,-0.0936213481775913,0.5050129786731896,0.0470130799727194,1,1,118.02098524305555,37.142671015160005,1,1,1
frame_000405,images/frame_000405.png,train,0.2340189223567137,-0.2626343326228547,0.3735810426279433,0,1,0,0,0,-0.0355228663588129,0.3624428506088771,0.2331924013294374,1,1,97.70455729166666,51.00201475182114,1,1,1
frame_000406,images/frame_000406.png,train,0.3798028432684863,0.0832162995649389,0.173976853761358,0,0,0,0,0,-0.3362169496459936,0.5831475325298274,0.0716231052251125,1,1,114.21239149305555,51.42020903950292,1,1,1
frame_000407,images/frame_000407.png,train,-0.1839633767535453,-0.0175175037545398,0.3041024960428131,0,0,0,0,0,0.1947810808548651,0.5767714510343063,0.1007608330466744,1,1,92.723828125,50.15063970801605,1,1,1
frame_000408,images/frame_000408.png,train,-0.2745020105745122,-0.0076177232388039,0.1968376262864531,0,0,0,0,0,0.2013075520322096,0.596206428684839,0.0756077634882325,1,1,115.6609375,54.88198601592009,1,1,1
frame_000409,images/frame_000409.png,train,-0.5797132941091779,0.0873130308084499,0.0994283496729711,0,0,0,1,0,0.4633691196992063,0.5692574187926245,0.0563336434246437,1,1,90.0037109375,52.10403596158255,1,1,1
frame_000410,images/frame_000410.png,train,-0.4050609393853036,0.1878776367697567,0.1851209725342449,0,1,0,0,0,0.2027542938655072,0.3941954717359536,0.1891909762186576,1,1,108.64659288194444,47.46383760631487,1,1,1
frame_000411,images/frame_000411.png,train,-0.1891815895185138,0.4678606771621657,0.0660574821147942,0,0,0,0,0,-0.1171381909260712,0.6590435633561192,0.0418091609967652,1,1,99.27977430555555,50.026991228115556,1,1,1
frame_000412,images/frame_000412.png,train,-0.5602448113926938,-0.0557812305966065,0.1032773873105478,0,0,0,0,0,0.5379065953312868,0.5718039521627695,0.0569767090352989,1,1,99.59563802083333,51.8646288417911,1,1,1
frame_000413,images/frame_000413.png,train,0.4630431619982728,-0.0272355504723162,0.1457486339830414,0,0,1,0,0,-0.34623914301711,0.4163793457062809,0.0787543518197666,1,1,117.2033203125,40.62574681257801,1,1,1
frame_000414,images/frame_000414.png,train,0.3057992426588243,-0.1407085257135002,0.2547823848977132,0,0,0,0,0,-0.2155075859199043,0.5696663167540356,0.090478819337174,1,1,110.54157986111112,46.417659776971796,1,1,1
frame_000415,images/frame_000415.png,train,0.0214839026940301,0.0999332091712712,0.3325143940519725,0,0,0,0,0,-0.0379283741021004,0.5993231815430036,0.1052073121679936,1,1,64.88786892361111,50.06167542035065,1,1,1
frame_000416,images/frame_000416.png,train,-0.0497856721475264,0.2241878583199678,0.1607253049462353,0,0,0,0,0,-0.1310178338866415,0.6537890088393123,0.0630564463810267,1,1,96.33441840277777,50.564439645792525,1,1,1
frame_000417,images/frame_000417.png,train,0.6317018338133057,-0.0751520585161999,0.2824860014283654,0,1,1,0,0,-0.4485638809423666,0.1547895327374109,0.2297637576952475,1,1,137.1794487847222,39.09349746176958,1,1,1
frame_000418,images/frame_000418.png,train,0.0128749927012116,-0.1785344327080854,0.015815133005646,0,0,1,0,0,0.0520674397609876,0.5518897049077814,0.0393281528686196,1,1,110.16360677083334,40.31421765520108,1,1,1
frame_000419,images/frame_000419.png,train,-0.068064809099125,0.3951123552008025,0.194192095676366,1,0,0,0,0,-0.1725332999413333,0.3184198046934469,0.7172486766733247,1,1,92.49776475694445,52.1916585522461,1,1,1
