device_id,a,b,c,is_abnormal,iforest_score,autoencoder_score,ensemble_score,iforest_pred,autoencoder_pred,ensemble_pred
dev_1931639,a2,b4,c1,1,0.7486134856012736,4.1578503,1.0,1,1,1
dev_1546823,a3,b2,c1,1,0.735564018283041,91.576035,1.0,1,1,1
dev_1089693,a4,b5,c2,1,0.7371857096045764,6.5320706,1.0,1,1,1
dev_0058933,a1,b4,c2,1,0.6983598949021756,2.5372872,1.0,1,1,1
dev_1932205,a2,b3,c2,1,0.742870170073533,3.0908103,1.0,1,1,1
dev_1014102,a3,b1,c3,1,0.7493510954428482,35.424862,1.0,1,1,1
dev_0615751,a4,b3,c2,1,0.7484455567223992,2.9404333,1.0,1,1,1
dev_0070954,a1,b2,c3,1,0.7379409612164924,3.9651158,1.0,1,1,1
dev_1011340,a4,b5,c3,1,0.741990926225287,1.7562689,1.0,1,1,1
dev_1959052,a4,b1,c3,1,0.7452359187367258,21.627525,1.0,1,1,1
dev_0321767,a1,b1,c1,1,0.7400788198001355,3.0676253,1.0,1,1,1
dev_1101793,a2,b1,c1,1,0.7361081373250448,4.319957,1.0,1,1,1
dev_0698670,a4,b2,c1,1,0.7415412261186486,5.3573747,1.0,1,1,1
dev_1069529,a1,b3,c1,1,0.7487421458286053,4.32259,1.0,1,1,1
dev_1933662,a2,b4,c2,1,0.745115937901926,46.33564,1.0,1,1,1
dev_1190588,a3,b3,c2,1,0.7395127685150013,25.454401,1.0,1,1,1
dev_0140743,a3,b1,c1,1,0.7512591015326783,23.272482,1.0,1,1,1
dev_0204503,a2,b1,c3,1,0.7292485564513397,3.5729778,1.0,1,1,1
dev_1106516,a2,b3,c3,1,0.7117179543195221,2.2143805,1.0,1,1,1
dev_1626737,a4,b4,c3,1,0.7576610552705333,2.8925912,1.0,1,1,1
dev_1814424,a1,b3,c3,1,0.6921277859852386,4.145107,1.0,1,1,1
dev_0479219,a4,b1,c1,1,0.7459045187366743,1.8992928,1.0,1,1,1
dev_1143722,a3,b5,c3,1,0.7255395023587373,347.1965,1.0,1,1,1
dev_1449002,a2,b5,c2,1,0.7465713118659364,3.8359375,1.0,1,1,1
dev_1514980,a3,b3,c3,1,0.7516604813335424,19.970596,1.0,1,1,1
dev_0833129,a1,b1,c2,1,0.7216471291113443,3.4102252,1.0,1,1,1
dev_0442192,a4,b4,c2,1,0.7449228907547026,20.554571,1.0,1,1,1
dev_0290819,a4,b2,c3,1,0.7641919311842931,3.361043,1.0,1,1,1
dev_1731976,a1,b4,c3,1,0.7254138000383931,4.1425357,1.0,1,1,1
dev_1587771,a3,b5,c1,1,0.7293169525757125,255.75792,1.0,1,1,1
dev_1558567,a2,b2,c2,1,0.7111862326956419,2.5865703,1.0,1,1,1
dev_1390430,a3,b2,c3,1,0.7436488169870088,72.39247,1.0,1,1,1
dev_1990216,a2,b2,c3,1,0.7387622313815998,3.2742665,1.0,1,1,1
dev_0205938,a3,b5,c2,1,0.7583016184170777,2.3263462,1.0,1,1,1
dev_0129733,a2,b5,c1,1,0.7410440800897226,3.465413,1.0,1,1,1
dev_0935421,a1,b3,c2,1,0.7243295963986723,3.4288888,1.0,1,1,1
dev_0642146,a3,b4,c3,1,0.7472226611806029,1.3308206,1.0,1,1,1
dev_0134963,a1,b2,c2,1,0.7406713293994488,3.7151084,1.0,1,1,1
dev_0753914,a3,b4,c2,1,0.723158105244079,1.4335382,0.999985,1,1,1
dev_0197380,a1,b2,c1,1,0.6982890547900488,2.9499497,0.999985,1,1,1
dev_1852551,a1,b5,c2,1,0.6946482050549168,3.1369112,0.999985,1,1,1
dev_0707446,a1,b5,c1,1,0.7212041056240623,3.5464075,0.999985,1,1,1
dev_0391243,a1,b5,c2,1,0.6905302896684375,3.2232494,0.999985,1,1,1
dev_0526224,a1,b4,c1,1,0.7406919198891756,2.0432096,0.999985,1,1,1
dev_0442330,a1,b1,c3,1,0.7148426820660101,2.9638493,0.999985,1,1,1
dev_1568587,a2,b2,c1,1,0.7303003344914164,3.2888496,0.999985,1,1,1
dev_1503801,a3,b1,c2,1,0.7252312752839357,13.532989,0.999985,1,1,1
dev_1614692,a4,b3,c3,1,0.7486089098034479,1.4873431,0.999985,1,1,1
dev_1517603,a2,b1,c2,1,0.7344896445050111,2.425333,0.999985,1,1,1
dev_0820143,a4,b2,c2,1,0.7061568867363732,123.8671,0.999985,1,1,1
dev_1741183,a4,b3,c1,1,0.7578084219862335,14.650913,0.999985,1,1,1
dev_1675918,a3,b4,c2,1,0.7100752387508195,4.8867526,0.999985,1,1,1
dev_1039623,a2,b5,c3,1,0.7123644424893998,3.176021,0.999985,1,1,1
dev_1355472,a1,b5,c3,1,0.7398788384052517,3.6374297,0.999985,1,1,1
dev_1945483,a4,b1,c2,1,0.7444701947578793,3.790512,0.999985,1,1,1
dev_1025405,a3,b2,c2,1,0.7514370603948548,2.2660513,0.999985,1,1,1
dev_0964551,a1,b2,c1,1,0.7250140036898292,2.7261825,0.999985,1,1,1
dev_1193274,a3,b1,c2,1,0.7464901513707829,1.4564401,0.999985,1,1,1
dev_1157319,a2,b4,c3,1,0.6840802083437723,3.4041157,0.999985,1,1,1
dev_1049091,a4,b3,c3,1,0.745468317555322,1.7217381,0.999985,1,1,1
dev_1476512,a1,b4,c1,1,0.7327249433739315,2.7655694,0.999985,1,1,1
dev_1427972,a2,b4,c3,1,0.698809394144483,3.2705884,0.999985,1,1,1
dev_0896904,a1,b5,c1,1,0.7362471084232748,2.1252403,0.999985,1,1,1
dev_0939318,a4,b5,c1,1,0.7528993816848536,2.1241791,0.999985,1,1,1
dev_1607896,a4,b2,c2,1,0.7413321105674947,4.821454,0.999985,1,1,1
dev_0050767,a4,b4,c1,1,0.7475673542234016,22.446785,0.999985,1,1,1
dev_1589497,a2,b2,c1,1,0.7266301867573185,3.9626007,0.999985,1,1,1
dev_1212762,a4,b5,c1,1,0.7418269642750617,10.311096,0.999985,1,1,1
dev_0274840,a2,b3,c1,1,0.7434510967807578,3.7667859,0.999985,1,1,1
dev_1016643,a3,b3,c1,1,0.74128645985868,248.22552,0.999985,1,1,1
dev_0300202,a3,b2,c2,1,0.7305299083224541,11.660404,0.999985,1,1,1
dev_0470752,a3,b3,c1,1,0.7497056371245284,12.582746,0.999985,1,1,1
dev_1490852,a4,b4,c1,1,0.7481615949933063,1.8903767,0.999985,1,1,1
dev_1682029,a2,b1,c2,1,0.7286091363600767,3.106539,0.999985,1,1,1
dev_0387292,a3,b4,c1,1,0.6997800669566862,2.4123294,0.999985,1,1,1
dev_1851468,a1,b5,c3,1,0.7232749783473043,3.6444397,0.999985,1,1,1
dev_0778657,a2,b5,c3,1,0.7225031507942034,2.2376556,0.999985,1,1,1
dev_0551443,a4,b3,c1,1,0.7379473998859909,20.81077,0.999985,1,1,1
dev_0159253,a1,b1,c3,1,0.7331186921719927,2.4927416,0.999985,1,1,1
dev_0674203,a2,b3,c1,1,0.686655833034568,4.147158,0.999985,1,1,1
dev_0108037,a4,b1,c2,1,0.7374062508299158,5.0336795,0.999985,1,1,1
dev_1594824,a1,b1,c1,1,0.7337668264934621,2.233148,0.99997,1,1,1
dev_0791899,a2,b3,c2,1,0.7282731270697107,1.7884396,0.99997,1,1,1
dev_0405163,a2,b4,c2,1,0.7117098322462825,36.589985,0.99997,1,1,1
dev_1137225,a3,b4,c3,1,0.7177467567564088,1.2787446,0.99997,1,1,1
dev_0622423,a4,b1,c3,1,0.7301805499906519,2.9008768,0.99997,1,1,1
dev_1266251,a1,b3,c1,1,0.7351960901291859,3.4786818,0.99997,1,1,1
dev_0902838,a2,b4,c1,1,0.7290567309148165,3.458733,0.99997,1,1,1
dev_0393664,a2,b1,c1,1,0.734264083551557,3.627008,0.99997,1,1,1
dev_1602695,a2,b5,c2,1,0.7359209250979581,3.2159083,0.99997,1,1,1
dev_1345882,a1,b2,c3,1,0.7263067890243159,2.1448865,0.99997,1,1,1
dev_1369382,a2,b5,c1,1,0.717193099742988,2.4103007,0.99997,1,1,1
dev_1979360,a4,b5,c2,1,0.7368276029876264,1.5570385,0.99997,1,1,1
dev_0782926,a2,b1,c3,1,0.7097367714506143,3.387777,0.99997,1,1,1
dev_0560662,a1,b3,c2,1,0.6902900898067035,3.1852021,0.99997,1,1,1
dev_0490376,a3,b5,c3,1,0.6950616742894846,1.342275,0.99997,1,1,1
dev_1161665,a4,b3,c2,1,0.7418404238676958,1.4862709,0.99997,1,1,1
dev_0619619,a4,b4,c2,1,0.6902901478894897,1.0919743,0.99997,1,1,1
dev_1881341,a3,b3,c3,1,0.7397570683840903,12.686361,0.99997,1,1,1
dev_0826026,a3,b4,c1,1,0.7420470604592126,1.3474592,0.99996996,1,0,1
dev_1614242,a2,b2,c1,0,0.5385018323238439,0.92198336,0.99994,0,0,0
dev_1406171,a4,b2,c1,0,0.5214547314756146,0.96805537,0.999925,0,1,1
dev_0359753,a4,b5,c3,0,0.5332304161733527,0.99065423,0.999925,0,1,1
dev_1003863,a3,b2,c1,0,0.5464219039971365,0.76744956,0.99991,1,0,1
dev_0510689,a3,b3,c1,0,0.5269611780983786,1.1449736,0.999895,0,0,0
dev_0794887,a3,b1,c1,0,0.5430886700990959,0.80058366,0.99987996,0,0,1
dev_0501123,a4,b2,c3,0,0.5319642486370341,0.849874,0.999865,0,0,1
dev_0954891,a1,b1,c2,0,0.523390043542004,0.87654436,0.999865,0,0,1
dev_1347450,a2,b1,c3,0,0.536384470822047,0.6958428,0.99985003,0,0,0
dev_1031769,a2,b3,c3,0,0.5129447524616831,0.97415286,0.99985003,0,1,1
dev_0832912,a1,b5,c3,0,0.5262668896249326,0.98068666,0.99985003,0,0,0
dev_1341708,a3,b4,c3,0,0.522495594413648,1.0509406,0.999835,0,0,0
dev_1197672,a1,b2,c1,0,0.5231286289853022,1.3314786,0.999835,0,0,0
dev_0430282,a2,b3,c2,0,0.5207206434211521,1.0282514,0.999835,0,0,0
dev_1999875,a3,b4,c1,0,0.5412235041296749,0.8267934,0.99982,0,0,0
dev_1755900,a1,b1,c3,0,0.5482865798965398,0.7878667,0.999805,0,0,0
dev_0953195,a3,b1,c1,0,0.5479333772203063,0.7091369,0.999805,1,0,0
dev_1072588,a3,b4,c1,0,0.5238867166780508,0.998269,0.999805,0,0,0
dev_1650465,a1,b1,c3,0,0.5241378905502907,0.8979282,0.999805,0,0,0
dev_0164261,a4,b1,c2,0,0.5460946526123472,0.74384564,0.999805,0,0,0
dev_1014692,a1,b4,c1,0,0.5250000682262117,0.75471354,0.99979,0,0,0
dev_1814206,a1,b4,c1,0,0.5251300300724351,0.7505452,0.99979,0,0,0
dev_0782575,a2,b2,c2,0,0.5143395210996047,0.6311642,0.99977505,0,0,1
dev_1432812,a1,b1,c3,0,0.526286411791759,0.8146387,0.99977505,0,0,0
dev_1712885,a3,b5,c3,0,0.532634992624699,0.909492,0.999775,0,0,0
dev_0577258,a4,b1,c2,0,0.5175685801217565,1.0374593,0.999775,0,0,0
dev_1788695,a1,b2,c2,0,0.5205617481361644,0.7514449,0.999775,0,0,1
dev_1351897,a1,b5,c1,0,0.5113389268113722,0.92802495,0.999775,0,0,0
dev_0622269,a3,b3,c3,0,0.5370412814496579,0.7874286,0.999775,0,0,0
dev_1302968,a1,b2,c1,0,0.5360586420840471,0.71848416,0.99976003,0,0,0
dev_0558785,a1,b2,c3,0,0.5151523775907139,0.8545075,0.99976003,0,0,0
dev_0383480,a2,b5,c3,0,0.5356204198886054,0.6819548,0.99976,0,0,0
dev_1452643,a1,b4,c2,0,0.5215378171243219,0.73050046,0.999745,0,0,1
dev_1629643,a2,b4,c1,0,0.5182848079718694,0.9868443,0.99973,0,0,0
dev_0974128,a2,b3,c3,0,0.5106465486675379,0.8382636,0.99973,0,0,0
dev_1227354,a3,b1,c2,0,0.5132677708555161,1.0501014,0.99973,0,0,0
dev_0880128,a4,b1,c3,0,0.515057602748085,1.1250416,0.999715,0,0,0
dev_1761731,a4,b3,c2,0,0.5385287609912512,0.68387777,0.9997,0,0,0
dev_0495795,a4,b5,c2,0,0.5172205539756578,1.0592715,0.9997,0,0,0
dev_0718580,a3,b3,c2,0,0.5176420590269712,0.9205244,0.99969995,0,0,1
dev_1421574,a2,b3,c2,0,0.5460476398203558,0.54058164,0.99969995,0,0,0
dev_0206296,a2,b5,c2,0,0.5137216370199341,0.8771186,0.99969995,0,0,0
dev_0622388,a1,b5,c3,0,0.5247099671235637,0.7827075,0.99968505,0,0,0
dev_0194468,a1,b3,c1,0,0.5186053567956227,0.7143081,0.99968505,0,0,0
dev_1076619,a3,b2,c1,0,0.5133795779214783,0.70286155,0.999685,0,0,0
dev_1774925,a2,b2,c3,0,0.514746627287841,0.7176859,0.999685,0,0,1
dev_0634329,a2,b5,c1,0,0.5249383908895621,0.75700223,0.999685,0,0,0
dev_1606999,a4,b1,c1,0,0.5190763470751217,0.82317096,0.999685,0,0,1
dev_0127504,a4,b4,c1,0,0.525565165370571,0.59358054,0.999685,0,0,0
dev_1945292,a3,b2,c2,0,0.515262021504126,0.78936493,0.999685,0,0,0
dev_1739499,a2,b3,c3,0,0.5148220762648977,0.6718827,0.99967,0,0,0
dev_0301655,a2,b4,c3,0,0.5219575472426106,0.6657241,0.99967,0,0,0
dev_0758592,a1,b2,c2,0,0.5139758298366222,0.61343676,0.99967,0,0,0
dev_0773944,a1,b5,c3,0,0.5266670486266954,0.7375762,0.99967,0,0,0
dev_1422925,a1,b5,c1,0,0.5081482948086037,0.8419507,0.99967,0,0,0
dev_1011603,a4,b5,c3,0,0.525487833950778,0.73746526,0.99967,0,0,0
dev_1044693,a4,b3,c3,0,0.5110925072194866,0.9864316,0.99967,0,0,0
dev_1105850,a1,b5,c2,0,0.5265484873053093,0.52744526,0.999655,0,0,0
dev_0090666,a1,b2,c3,0,0.5440690759606226,0.4426695,0.999655,0,0,0
dev_1196620,a4,b5,c2,0,0.5261760367687814,0.7726733,0.99964,0,0,0
dev_1551828,a4,b5,c2,0,0.5356380547766211,0.61831695,0.99964,0,0,0
dev_1847321,a1,b1,c1,0,0.5146608116196274,0.75927556,0.99964,0,0,0
dev_1612276,a3,b1,c3,0,0.5148483132826954,0.97335345,0.99964,0,1,1
dev_0949934,a3,b1,c1,0,0.5182114644107962,0.7456582,0.99964,0,0,0
dev_0717312,a2,b5,c2,0,0.5198638518305012,0.62970895,0.99962497,0,0,0
dev_0420216,a2,b5,c3,0,0.5114171190061424,0.93233895,0.99960995,0,0,0
dev_0217757,a4,b4,c2,0,0.5085288786969869,0.8943384,0.99960995,0,0,0
dev_0878517,a4,b4,c3,0,0.5131465265443106,0.77862686,0.99960995,0,0,1
dev_0659962,a1,b5,c1,0,0.5288384114756466,0.4786687,0.99959505,0,0,0
dev_1157056,a2,b5,c3,0,0.523827875258414,0.5816326,0.99959505,0,0,0
dev_1176838,a2,b2,c2,0,0.5023020253901141,0.7303132,0.99959505,0,0,0
dev_1337347,a4,b2,c2,0,0.5136402002004057,0.80350953,0.999595,0,0,0
dev_1371549,a2,b5,c2,0,0.5079032680429775,0.8930645,0.999595,0,0,0
dev_1142625,a4,b1,c1,0,0.5197386631072402,0.6033618,0.999595,0,0,0
dev_0410015,a3,b4,c3,0,0.5130081762246473,0.9715355,0.99958,0,0,0
dev_1120905,a2,b2,c3,0,0.5086380824807614,0.69019246,0.99958,0,0,0
dev_1957717,a3,b1,c3,0,0.5372893030511946,0.39096853,0.999565,0,0,0
dev_1692416,a2,b4,c1,0,0.5141368241928131,0.91331404,0.999565,0,0,0
dev_1139608,a1,b3,c3,0,0.5247207971231841,0.34011903,0.999565,1,0,1
dev_1682583,a2,b5,c3,0,0.5174526620579056,0.6522917,0.999565,0,0,0
dev_0194415,a2,b3,c3,0,0.512897793573453,0.5291784,0.999565,0,0,0
dev_1146218,a1,b4,c1,0,0.513931293546887,0.72740185,0.999565,0,0,0
dev_1582731,a4,b5,c3,0,0.5234522280714765,0.65724915,0.999565,0,0,0
dev_1358989,a4,b1,c3,0,0.5184463734039695,0.56452715,0.99955,0,0,0
dev_1891669,a4,b4,c3,0,0.5286240195668994,0.41910386,0.99955,0,0,0
dev_0689503,a2,b1,c3,0,0.5043196264555633,0.8114778,0.99955,0,0,0
dev_1336978,a4,b3,c3,0,0.5109278100537578,0.76282203,0.99953496,0,0,0
dev_0671350,a4,b2,c1,0,0.5101259279274326,0.7942498,0.99953496,0,0,0
dev_1930769,a3,b1,c3,0,0.5143833799393872,0.8308459,0.99953496,0,0,0
dev_0393994,a3,b4,c1,0,0.5192068842150166,0.63815606,0.99953496,0,0,0
dev_0659762,a2,b2,c2,0,0.4995038783118118,0.9416804,0.99952006,0,1,0
dev_0739912,a1,b4,c2,0,0.5134079425033452,0.6827988,0.99952,0,0,0
dev_1381104,a1,b5,c1,0,0.5068634624967328,0.7222605,0.99952,0,0,0
dev_1746408,a1,b3,c3,0,0.5030049838529723,0.8752408,0.99950504,0,0,0
dev_1249585,a2,b4,c1,0,0.5102075117403835,0.7533684,0.99950504,0,0,0
dev_1095547,a1,b5,c3,0,0.5201799775677529,0.55572915,0.99950504,0,0,0
dev_0244228,a4,b3,c3,0,0.5088616325507707,0.8007515,0.999505,0,0,0
dev_1966355,a2,b5,c3,0,0.5278494018682031,0.47669256,0.999505,0,0,0
dev_1670894,a3,b2,c3,0,0.5166166774062645,0.49296904,0.999505,0,0,1
dev_1367956,a4,b4,c3,0,0.5306997145368095,0.3846816,0.999505,0,0,0
dev_1391989,a3,b3,c2,0,0.5369472843206043,0.3531366,0.999505,0,0,0
dev_0439340,a2,b5,c3,0,0.506081757134788,0.94860834,0.99949,0,0,0
dev_0109139,a3,b2,c3,0,0.5142883964545032,0.5482652,0.99949,0,0,0
dev_0669002,a3,b2,c2,0,0.5158861902226997,0.43586373,0.99949,0,0,0
dev_1529159,a2,b5,c2,0,0.513050698650703,0.56218576,0.99949,0,0,0
dev_0355867,a2,b4,c2,0,0.5050598136874672,0.87161124,0.999475,0,0,0
dev_1661115,a3,b2,c2,0,0.505682197282429,0.94535947,0.999475,0,0,0
dev_0337257,a1,b3,c1,0,0.5071757911324286,0.7947643,0.999475,0,0,0
dev_1426079,a4,b5,c2,0,0.5135353636471918,0.9243611,0.999475,0,0,0
dev_0549271,a4,b4,c3,0,0.5078935921306693,0.74733615,0.999475,0,0,0
dev_0987917,a4,b2,c3,0,0.5126418530944851,0.6209,0.999475,0,0,0
dev_1341515,a1,b1,c2,0,0.5096432899815388,0.7043535,0.999445,0,0,0
dev_1034018,a4,b5,c2,0,0.5154819785577853,0.7731917,0.99944496,0,0,0
dev_0028264,a3,b4,c3,0,0.5144984882592943,0.7194028,0.99944496,0,0,0
dev_1737289,a2,b5,c2,0,0.5052183843021822,0.9171521,0.99944496,0,0,0
dev_1181086,a1,b4,c1,0,0.5085454276538557,0.9108729,0.99943,0,0,0
dev_1809637,a1,b3,c2,0,0.5089917163660843,0.68234116,0.99943,0,0,0
dev_0335509,a2,b2,c2,0,0.5006389799212594,0.53041124,0.99941504,0,0,0
dev_1072220,a2,b1,c3,0,0.5019746739802542,0.74644953,0.99941504,0,0,0
dev_0658378,a4,b3,c2,0,0.5021260701057,1.1484696,0.999415,0,0,0
dev_1504368,a2,b5,c3,0,0.503192069567743,1.1209718,0.999415,0,0,0
dev_0658601,a3,b2,c3,0,0.5032348131701947,0.85759485,0.999415,0,0,0
dev_1390256,a1,b4,c1,0,0.5073191810618305,1.0574361,0.9994,0,0,0
dev_1346757,a1,b4,c3,0,0.5129572269578639,0.4750648,0.9994,0,0,1
dev_1706144,a3,b4,c2,0,0.5162836625722911,0.42633224,0.9994,0,0,0
dev_1385248,a4,b2,c3,0,0.5072281599039238,1.0772048,0.9994,0,1,0
dev_0238379,a4,b3,c1,0,0.5046414054513597,0.86169386,0.9994,0,0,0
dev_0644810,a3,b3,c2,0,0.5083934281265298,0.99654555,0.9994,0,0,0
dev_0498620,a1,b5,c3,0,0.5084732620728595,0.7705867,0.9994,0,0,0
dev_0834401,a1,b1,c1,0,0.5366594173774233,0.35631752,0.9994,0,0,0
dev_1626341,a3,b1,c3,0,0.5148273409125456,0.48446602,0.9994,0,0,0
dev_0339124,a2,b1,c2,0,0.5096129270584537,0.3946925,0.9994,0,0,0
dev_0634716,a3,b5,c2,0,0.5105919970583215,0.46316954,0.999385,0,0,1
dev_1105213,a1,b5,c2,0,0.5097324276455625,0.90884054,0.999385,0,0,0
dev_0132854,a3,b3,c2,0,0.5283571272603549,0.31966,0.999385,0,0,0
dev_1638598,a3,b1,c3,0,0.5153202224461607,0.43125284,0.999385,0,0,0
dev_1902001,a1,b5,c1,0,0.5017677951577554,0.79195243,0.99937004,0,0,0
dev_1919439,a1,b2,c2,0,0.5040832880380816,0.7265126,0.99937,0,0,0
dev_0795554,a1,b5,c1,0,0.5054729260154722,0.57216,0.99937,0,0,0
dev_0157503,a2,b3,c3,0,0.5006431757260125,0.78636914,0.99937,0,0,0
dev_0138174,a2,b1,c3,0,0.5013181787690678,0.7643235,0.99937,0,0,0
dev_1311298,a2,b5,c3,0,0.5137130250998653,0.49843815,0.99937,0,0,0
dev_1681034,a2,b1,c2,0,0.5074383091417596,0.42264405,0.999355,0,0,0
dev_0779955,a4,b3,c3,0,0.5092542894708766,0.5810008,0.999355,0,0,0
dev_0200615,a1,b5,c2,0,0.5333988586303713,0.31610885,0.999355,0,0,0
dev_1131635,a2,b5,c1,0,0.531494430704501,0.30824554,0.99935496,0,0,0
dev_1230504,a3,b3,c1,0,0.5109741523809421,0.40667883,0.99935496,0,0,0
dev_1178598,a4,b5,c3,0,0.5502623012754976,0.34493318,0.99935496,1,0,0
dev_0268157,a1,b3,c1,0,0.5026590757074334,0.94817346,0.99935496,0,0,0
dev_1793842,a2,b2,c3,0,0.49817302296928817,0.8202516,0.99935496,0,0,0
dev_0417946,a4,b2,c2,0,0.5103499120326639,0.7262099,0.99934,0,0,0
dev_1144553,a1,b1,c1,0,0.5070092649246039,0.578102,0.99934,0,0,0
dev_0958011,a1,b5,c2,0,0.52036744963728,0.34867942,0.99934,0,0,0
dev_0698969,a4,b1,c2,0,0.516596529543695,0.40621442,0.99934,0,0,0
dev_1036972,a1,b1,c2,0,0.5077419288120301,0.6971472,0.99934,0,0,0
dev_1097521,a2,b4,c1,0,0.5094169138742811,0.4587044,0.99934,0,0,0
dev_1450014,a4,b1,c3,0,0.5109677054989051,0.5341519,0.99932504,0,0,0
dev_0785003,a1,b2,c3,0,0.5039712001835255,0.7381315,0.99932504,0,0,0
dev_1375743,a2,b1,c2,0,0.5041846632535149,0.6943774,0.99932504,0,0,0
dev_0867341,a1,b5,c2,0,0.5088929564764793,0.80546945,0.99931,0,0,0
dev_1970897,a2,b5,c2,0,0.5046373711217711,0.8737521,0.99931,0,0,0
dev_0847577,a1,b5,c1,0,0.5011370125860626,0.773734,0.99931,0,0,0
dev_1166800,a2,b3,c2,0,0.504094915943947,0.91426903,0.99931,0,0,0
dev_0842560,a3,b5,c3,0,0.512908842997276,0.73204607,0.99931,0,0,0
dev_0954536,a4,b3,c1,0,0.5047768837595984,0.75849724,0.99931,0,0,0
dev_1362736,a3,b2,c2,0,0.5083702893513264,0.4424142,0.99931,0,0,0
dev_1525200,a4,b5,c1,0,0.5226516092603503,0.32854348,0.999295,0,0,0
dev_0285899,a1,b5,c3,0,0.5195736864421223,0.39766183,0.999295,0,0,0
dev_0585047,a2,b1,c2,0,0.5016472051252329,0.8670338,0.999295,0,0,0
dev_0179829,a2,b1,c2,0,0.5008452333246615,0.96394193,0.999295,0,0,0
dev_0862845,a2,b3,c2,0,0.5158140268933946,0.36529985,0.99928,0,0,0
dev_1085923,a3,b3,c2,0,0.5195159383206039,0.32872447,0.99928,0,0,0
dev_1581739,a2,b2,c3,0,0.5136339775234396,0.3437473,0.99928,0,0,0
dev_1965244,a2,b1,c2,0,0.5035404420099083,0.5554799,0.999265,0,0,0
dev_0441232,a3,b2,c2,0,0.5198353458988716,0.31782314,0.99926496,0,0,0
dev_1890869,a4,b1,c3,0,0.504511111499969,0.86007744,0.99926496,0,0,0
dev_1640067,a3,b4,c3,0,0.5058617728112639,0.80863535,0.99925,0,0,0
dev_0825130,a3,b4,c1,0,0.5061308121989304,0.93452615,0.99925,0,0,0
dev_0274866,a2,b5,c3,0,0.521601497942864,0.37659723,0.99924994,0,0,0
dev_0192648,a3,b2,c3,0,0.5064144075539457,0.42265627,0.99923503,0,0,0
dev_1153463,a2,b5,c1,0,0.50854152985173,0.6749394,0.99923503,0,0,0
dev_0045341,a2,b2,c1,0,0.49802831517426904,0.7043893,0.99923503,0,0,0
dev_1574590,a4,b3,c1,0,0.5066468438860647,0.5203695,0.99923503,0,0,0
dev_1415302,a1,b2,c3,0,0.5046369702248217,0.5193322,0.99923503,0,0,0
dev_0457729,a2,b4,c3,0,0.5055904573612123,0.8003154,0.999235,0,0,0
dev_1069249,a2,b4,c3,0,0.5054558563413201,0.886306,0.999235,0,0,0
dev_1979104,a3,b5,c1,0,0.5182228209619152,0.3295695,0.999235,0,0,1
dev_1690496,a1,b2,c2,0,0.5105974356280721,0.34685263,0.99922,0,0,0
dev_0832230,a1,b3,c1,0,0.5088239210627011,0.40795264,0.99922,0,0,0
dev_0435259,a4,b2,c3,0,0.5211497378064257,0.319305,0.99922,0,0,0
dev_0453833,a1,b1,c3,0,0.49956048698575956,0.91613483,0.99922,0,0,0
dev_0752033,a4,b1,c2,0,0.5120449202581648,0.38199267,0.999205,0,0,0
dev_0827860,a3,b3,c2,0,0.509405227965735,0.62333816,0.999205,0,0,0
dev_1489780,a4,b1,c3,0,0.503471487657715,0.8430938,0.999205,0,0,0
dev_0511833,a3,b5,c3,0,0.5214569659859759,0.36618474,0.999205,0,0,0
dev_1884284,a2,b2,c1,0,0.5009241632097127,0.40988228,0.99919,0,0,0
dev_1708441,a3,b1,c1,0,0.5060317266380007,0.6593634,0.99919,0,0,0
dev_0534026,a1,b4,c3,0,0.5049812213593731,0.71345115,0.99919,0,0,0
dev_1536599,a2,b5,c2,0,0.5114801515269685,0.36247498,0.99919,0,0,0
dev_0494153,a2,b3,c2,0,0.5148453445059828,0.34454542,0.999175,0,0,0
dev_0128614,a1,b3,c3,0,0.5139618090547842,0.29271483,0.999175,0,0,0
dev_1147609,a2,b1,c1,0,0.5032221094832604,0.74284494,0.999175,0,0,0
dev_0714870,a3,b1,c2,0,0.5094896645877784,0.40801826,0.999175,0,0,0
dev_0219868,a3,b2,c3,0,0.5076930264095295,0.3726037,0.99917495,0,0,0
dev_1826051,a2,b3,c2,0,0.5100386322496665,0.38730937,0.99917495,0,0,0
dev_1685023,a2,b3,c3,0,0.4979455599940159,0.67564535,0.99917495,0,0,0
dev_1661302,a1,b2,c2,0,0.4992154562293314,0.93149996,0.99916005,0,0,0
dev_0683117,a1,b1,c2,0,0.5187026555238538,0.3011494,0.99916005,0,0,0
dev_0720872,a4,b5,c2,0,0.5054961700737768,0.81053144,0.99916,0,0,0
dev_0332615,a4,b2,c3,0,0.5021802925528042,1.0397527,0.99916,0,0,0
dev_1016068,a1,b4,c3,0,0.5039581268349358,0.8366847,0.99914503,0,0,0
dev_0814588,a2,b4,c2,0,0.5028705754266187,0.47734526,0.99914503,0,0,0
dev_1080098,a4,b2,c3,0,0.5045315348393635,0.7452437,0.99914503,0,0,0
dev_1370878,a2,b2,c3,0,0.4975595029936136,0.6023872,0.99914503,0,0,0
dev_1388186,a1,b4,c1,0,0.5131615605185441,0.34381372,0.99913,0,0,0
dev_1281996,a2,b5,c3,0,0.504162597877709,0.49493852,0.99913,0,0,0
dev_0088061,a3,b4,c3,0,0.5152574735394567,0.37012094,0.99913,0,0,0
dev_1139423,a2,b1,c2,0,0.4991492817882462,0.7358921,0.99913,0,0,0
dev_1210202,a3,b3,c2,0,0.502221267814332,0.86318696,0.99913,0,0,0
dev_1526710,a1,b1,c2,0,0.5049241502286232,0.7167705,0.99913,0,0,0
dev_0157520,a4,b2,c2,0,0.5044745247028485,0.7680011,0.999115,0,0,0
dev_1556948,a3,b3,c2,0,0.5010207414617872,0.92884606,0.999115,0,0,0
dev_1038305,a3,b4,c3,0,0.5024318602710278,0.8274568,0.999115,0,0,0
dev_1766661,a4,b2,c3,0,0.5065198150035567,0.4943492,0.999115,0,0,0
dev_0330227,a2,b1,c1,0,0.5019107136152328,0.7261636,0.9991,0,0,0
dev_0906527,a1,b3,c1,0,0.49844209474565193,0.74463934,0.9991,0,0,0
dev_1041402,a2,b1,c2,0,0.5120059601478115,0.28807288,0.99908507,0,0,0
dev_1763281,a2,b1,c1,0,0.5032602494644293,0.61972946,0.999085,0,0,0
dev_0599686,a4,b5,c3,0,0.512972518685428,0.34946108,0.99908495,0,0,0
dev_0644682,a1,b4,c3,0,0.5029912423982674,0.74745226,0.99907005,0,0,0
dev_1269637,a1,b2,c3,0,0.5126100395480809,0.3011084,0.99907005,0,0,0
dev_0170071,a3,b5,c3,0,0.5108601964947208,0.49131116,0.99907,0,0,0
dev_0585376,a4,b5,c2,0,0.5090814648192902,0.44467455,0.99907,0,0,0
dev_0411183,a3,b2,c3,0,0.5030775238873247,0.3957652,0.99907,0,0,0
dev_0987372,a2,b3,c3,0,0.5059363296754356,0.31948042,0.99907,0,0,0
dev_1472818,a2,b3,c2,0,0.4978082514345571,0.8397817,0.99907,0,0,0
dev_1150060,a4,b1,c1,0,0.5136447472584587,0.3332753,0.999055,0,0,0
dev_1619745,a3,b3,c1,0,0.5016836466263874,0.40686068,0.999055,0,0,0
dev_1057047,a3,b1,c3,0,0.500078583605351,0.8838497,0.99905497,0,0,0
dev_1346270,a2,b3,c2,0,0.5000623271551893,0.70326394,0.99904,0,0,0
dev_1286854,a1,b1,c1,0,0.5134469701065868,0.3432296,0.99904,0,0,0
dev_0306561,a2,b5,c1,0,0.5027402388100616,0.7056238,0.99904,0,0,0
dev_0253077,a3,b4,c1,0,0.506968553442475,0.6241689,0.99904,0,0,0
dev_1513627,a3,b3,c3,0,0.5057124043118466,0.477566,0.99904,0,0,0
dev_0871991,a4,b1,c2,0,0.5002538899877297,0.9078695,0.999025,0,0,0
dev_0298567,a2,b2,c2,0,0.4945690432697894,0.7312727,0.999025,0,0,0
dev_1577411,a4,b2,c2,0,0.5002073625129123,1.0928063,0.999025,0,0,0
dev_0697215,a1,b5,c3,0,0.5186076570854073,0.32318383,0.999025,0,0,0
dev_1939219,a1,b4,c3,0,0.5133048243321948,0.31637913,0.999025,0,0,0
dev_0265182,a2,b1,c2,0,0.4962286903312096,0.79143804,0.999025,0,0,0
dev_1435945,a2,b2,c3,0,0.4948357539548001,0.674653,0.999025,0,0,0
dev_0505856,a3,b5,c1,0,0.5018463913518869,0.64156884,0.99900997,0,0,0
dev_0181873,a4,b2,c3,0,0.4999608361027283,0.792616,0.99900997,0,0,0
dev_0997345,a4,b4,c3,0,0.5108476646533285,0.3284688,0.99900997,0,0,0
dev_1548847,a2,b2,c3,0,0.49316792418475996,0.75963914,0.99900997,0,0,0
dev_1636077,a2,b5,c3,0,0.5040237722816806,0.43152627,0.99900997,0,0,0
dev_1664991,a2,b5,c2,0,0.500641352615724,0.8598889,0.99900997,0,0,0
dev_1579280,a4,b5,c1,0,0.504163239494662,0.79362327,0.99900997,0,0,0
dev_0669034,a4,b5,c1,0,0.5031712262974498,0.8637159,0.99900997,0,0,0
dev_1783796,a3,b4,c2,0,0.501713996610286,0.6950478,0.998995,0,0,0
dev_1389206,a2,b3,c1,0,0.49958537799006436,0.7110695,0.998995,0,0,0
dev_1877746,a4,b2,c3,0,0.5011078810438887,0.7210169,0.99899495,0,0,0
dev_1933781,a1,b2,c1,0,0.4987896955742576,0.7202397,0.99898005,0,0,0
dev_1864368,a4,b5,c2,0,0.5007338370431146,0.9843374,0.99898,0,0,0
dev_1230175,a2,b4,c1,0,0.5004979847106232,0.5689023,0.99898,0,0,0
dev_1219558,a2,b5,c1,0,0.5031089745897395,0.548761,0.99898,0,0,0
dev_1000613,a4,b5,c1,0,0.5090297583826148,0.3369402,0.99898,0,0,0
dev_1784000,a4,b5,c3,0,0.5013876783807131,0.82889956,0.99898,0,0,0
dev_0529282,a2,b5,c2,0,0.5103941580308728,0.32984993,0.99898,0,0,0
dev_0434308,a3,b2,c2,0,0.5070007417037798,0.32690778,0.99898,0,0,0
dev_0468829,a4,b3,c2,0,0.49838634098748585,0.6844751,0.99898,0,0,0
dev_1896755,a2,b4,c1,0,0.5020865509339062,0.37696633,0.998965,0,0,0
dev_0384539,a1,b5,c3,0,0.5038972604766921,0.5083714,0.998965,0,0,0
dev_1172420,a3,b2,c3,0,0.49710629572160553,0.7026672,0.998965,0,0,0
dev_1506722,a1,b3,c1,0,0.49780794619813995,0.7350941,0.998965,0,0,0
dev_0317182,a2,b3,c3,0,0.49324006710813617,0.79603916,0.998965,0,0,0
dev_0279457,a3,b4,c2,0,0.5112578848686107,0.33314994,0.99895,0,0,0
dev_0661397,a1,b5,c1,0,0.5007308476793116,0.36296126,0.99895,0,0,0
dev_1437495,a3,b4,c2,0,0.49753800908399864,0.9541339,0.99895,0,0,0
dev_1175415,a1,b4,c1,0,0.502054331088399,0.6981288,0.99893504,0,0,0
dev_0983039,a2,b1,c2,0,0.49453678155230996,0.98386836,0.99892,0,0,0
dev_1174572,a1,b4,c2,0,0.5062151105233795,0.3156462,0.99892,0,0,0
dev_0869982,a3,b4,c1,0,0.5089337230360986,0.35747638,0.99891996,0,0,0
dev_0703456,a4,b5,c2,0,0.5047135943420104,0.49558818,0.99891996,0,0,0
dev_0268962,a4,b5,c3,0,0.5016907711915507,0.742317,0.99890494,0,0,0
dev_0707940,a1,b5,c2,0,0.5491499812357281,0.27990475,0.99889004,0,0,0
dev_0362974,a1,b1,c3,0,0.5010893801929204,0.35403094,0.99889004,0,0,0
dev_0231857,a2,b4,c2,0,0.4998564031566377,0.38255703,0.99889,0,0,0
dev_0020268,a4,b1,c3,0,0.4991401087878622,1.0641214,0.99889,0,0,0
dev_0491997,a1,b4,c3,0,0.5053027115517317,0.33927885,0.998875,0,0,0
dev_1235688,a1,b2,c1,0,0.4973309155184236,0.75425667,0.998875,0,0,0
dev_0903771,a1,b2,c2,0,0.4973368142878833,0.65855616,0.998875,0,0,0
dev_0113878,a3,b2,c1,0,0.49561665625584916,0.42804635,0.998875,0,0,0
dev_1315724,a3,b4,c2,0,0.5135337476642713,0.29805225,0.99886,0,0,0
dev_1981259,a4,b5,c1,0,0.5029811072796837,0.71502864,0.99886,0,0,0
dev_0322854,a3,b2,c1,0,0.5025239731523412,0.32178774,0.99886,0,0,0
dev_0972710,a2,b4,c3,0,0.502817972838469,0.52829957,0.99886,0,0,0
dev_0748309,a3,b1,c2,0,0.501724012251942,0.5400686,0.99886,0,0,0
dev_0622791,a2,b5,c2,0,0.4974249600000734,0.83887774,0.99886,0,0,0
dev_0915014,a3,b4,c3,0,0.5013583503228918,0.6965442,0.998845,0,0,0
dev_1738494,a2,b4,c2,0,0.49390848939367077,1.1028636,0.998845,0,0,0
dev_0672541,a4,b1,c3,0,0.49877004349407544,0.8844168,0.998845,0,0,0
dev_0246208,a2,b2,c3,0,0.491661928854993,0.74072325,0.998845,0,0,0
dev_0660566,a3,b2,c3,0,0.4945465702958076,0.7850874,0.99882996,0,0,0
dev_0821228,a4,b4,c1,0,0.5019956629391441,0.38335207,0.99882996,0,0,0
dev_0314818,a2,b5,c1,0,0.4990134194239017,0.7584098,0.99882996,0,0,0
dev_0068135,a1,b5,c2,0,0.5077961539993867,0.32145214,0.99881506,0,0,0
dev_0135123,a3,b5,c2,0,0.49625574482026313,0.9210974,0.998815,0,0,0
dev_0840747,a1,b4,c2,0,0.4964958756372253,0.79260767,0.998815,0,0,0
dev_0258822,a1,b1,c1,0,0.4951311528570151,0.85778093,0.99880004,0,0,0
dev_1641492,a4,b4,c1,0,0.4985089951020177,0.8036731,0.9988,0,0,0
dev_0447853,a3,b5,c2,0,0.49896555720649477,0.46011156,0.9988,0,0,0
dev_0488535,a3,b3,c2,0,0.4979700567611763,0.7493709,0.9988,0,0,0
dev_0870011,a3,b4,c2,0,0.4972124283755228,0.76663435,0.9988,0,0,0
dev_0346408,a2,b3,c3,0,0.49194655984539526,0.84423476,0.9988,0,0,0
dev_0516366,a1,b2,c3,0,0.49361066943013115,0.92951393,0.998785,0,0,0
dev_1685740,a1,b5,c3,0,0.5006444483390421,0.6755719,0.998785,0,0,0
dev_0948148,a3,b3,c3,0,0.4974984718508421,0.9904097,0.998785,0,0,0
dev_0583481,a4,b2,c3,0,0.49883303968763865,0.65088785,0.998785,0,0,0
dev_1087127,a3,b4,c3,0,0.5098627704260147,0.3193041,0.998785,0,0,0
dev_0065671,a2,b5,c1,0,0.49894585563952826,0.73339236,0.99877,0,0,0
dev_1596239,a2,b5,c3,0,0.5053276294034265,0.3313071,0.998755,0,0,0
dev_0695953,a3,b4,c3,0,0.4996909862426268,0.7886454,0.998755,0,0,0
dev_0885429,a2,b3,c1,0,0.4975900629902014,0.46761155,0.998755,0,0,0
dev_0360499,a3,b3,c3,0,0.49918274005366,0.5824193,0.998755,0,0,0
dev_0273939,a4,b2,c1,0,0.5000025664840281,0.70053273,0.998755,0,0,0
dev_1197510,a1,b3,c2,0,0.5444824031303954,0.27059194,0.998755,0,0,0
dev_0169432,a1,b5,c3,0,0.5022235821156809,0.40244272,0.9987401,0,0,0
dev_1428010,a2,b1,c2,0,0.5026107350097563,0.28817636,0.99874,0,0,0
dev_1945370,a3,b3,c1,0,0.4986141549066376,0.3376035,0.99873996,0,0,0
dev_0525099,a1,b5,c2,0,0.49933569034035596,0.49363238,0.99872506,0,0,0
dev_1675293,a4,b4,c2,0,0.5111862488317717,0.29061195,0.998725,0,0,0
dev_0951508,a4,b1,c3,0,0.49952970893577014,0.5599467,0.99872494,0,0,0
dev_1457942,a2,b5,c1,0,0.4979045423006282,0.818784,0.99872494,0,0,0
dev_1898394,a1,b5,c3,0,0.5004123361125136,0.5151584,0.99871004,0,0,0
dev_0497646,a1,b4,c1,0,0.5031783553040035,0.36193365,0.99871004,0,0,0
dev_1468118,a2,b3,c2,0,0.5297662771782283,0.27346858,0.99871004,0,0,0
dev_1441332,a1,b4,c1,0,0.5044982142710248,0.31994376,0.99871004,0,0,0
dev_0620431,a3,b2,c3,0,0.49386742561230584,0.7848051,0.99871,0,0,0
dev_1292089,a3,b5,c3,0,0.49726560490760907,0.9601843,0.99871,0,0,0
dev_0676629,a3,b4,c3,0,0.4994877290645423,0.7516029,0.998695,0,0,0
dev_0443035,a2,b2,c3,0,0.4938145035095256,0.35907707,0.99868,0,0,0
dev_1736423,a2,b3,c1,0,0.49666059877814817,0.60615027,0.99868,0,0,0
dev_1637152,a3,b4,c2,0,0.5363581216390422,0.27695686,0.99868,0,0,0
dev_1338287,a4,b5,c3,0,0.5231699299963313,0.29073554,0.998665,0,0,0
dev_0227676,a1,b2,c2,0,0.4951573061675205,0.8998682,0.9986501,0,0,0
dev_1626893,a1,b4,c2,0,0.49585097010827933,0.6974318,0.9986501,0,0,0
dev_0091905,a1,b2,c2,0,0.4945175925827717,0.9196652,0.99865,0,0,0
dev_0337665,a2,b4,c3,0,0.49797674799525177,0.6558702,0.99865,0,0,0
dev_1305942,a3,b3,c3,0,0.49729855186387945,0.7627063,0.99864995,0,0,0
dev_1890613,a4,b1,c2,0,0.4950797287038843,0.95510507,0.99864995,0,0,0
dev_0378479,a2,b1,c1,0,0.4995282691118805,0.34419042,0.99863505,0,0,0
dev_1150822,a2,b1,c1,0,0.4974546354454042,0.4065885,0.99863505,0,0,0
dev_1395724,a1,b3,c1,0,0.528285429273471,0.27711394,0.99863505,0,0,0
dev_1248326,a4,b1,c1,0,0.5087831453609002,0.29999566,0.99863493,0,0,0
dev_0881948,a1,b3,c2,0,0.49671107777200457,0.64993894,0.99862003,0,0,0
dev_1486543,a2,b2,c2,0,0.48942903371237023,0.7498336,0.99862003,0,0,0
dev_1484538,a1,b5,c2,0,0.4972075749969204,0.5964261,0.99862003,0,0,0
dev_0607871,a2,b5,c3,0,0.4945400596324802,0.64844376,0.99862,0,0,0
dev_1356129,a1,b1,c2,0,0.49944665390992277,0.54202724,0.998605,0,0,0
dev_1807583,a4,b3,c2,0,0.49436287578841104,0.72858894,0.998605,0,0,0
dev_0793631,a1,b4,c3,0,0.4970243836113396,0.9359452,0.99859005,0,1,0
dev_0460572,a4,b2,c2,0,0.536152310676122,0.26839393,0.99859,0,0,0
dev_0712300,a3,b1,c2,0,0.49687419331844207,0.73652554,0.99859,0,0,0
dev_1186496,a2,b5,c1,0,0.4965134010545995,0.90317684,0.99859,0,0,0
dev_1250423,a2,b2,c3,0,0.48831443756994414,1.1958733,0.99859,0,1,0
dev_1669550,a3,b5,c1,0,0.5023758459491138,0.32153147,0.99859,0,0,0
dev_0404671,a1,b5,c3,0,0.4995495153681034,0.51406294,0.99859,0,0,0
dev_0623049,a3,b1,c3,0,0.5025200745831635,0.33307958,0.99859,0,0,0
dev_0419486,a1,b5,c3,0,0.49735335071064307,0.74161744,0.99857503,0,0,0
dev_1805158,a1,b5,c1,0,0.4978785849017922,0.34031057,0.99857503,0,0,0
dev_1010858,a2,b2,c1,0,0.49326118441085676,0.40339205,0.998575,0,0,0
dev_0198354,a2,b3,c2,0,0.49288395225761916,0.7319974,0.99855995,0,0,0
dev_1865726,a4,b1,c1,0,0.5059009418059215,0.30621368,0.99855995,0,0,0
dev_0089385,a1,b5,c1,0,0.49317632938021394,0.8573941,0.99854505,0,0,0
dev_0840240,a1,b5,c3,0,0.49655882935149437,0.81736624,0.99854505,0,0,0
dev_0516879,a4,b5,c3,0,0.5065654050091754,0.31035438,0.998545,0,0,0
dev_0618616,a2,b5,c1,0,0.4952800945648172,0.93225706,0.998545,0,0,0
dev_0950420,a3,b5,c3,0,0.49629641858491474,0.8076647,0.998545,0,0,0
dev_1656066,a4,b5,c3,0,0.4980559128718427,0.5265501,0.99853003,0,0,0
dev_1543257,a4,b5,c3,0,0.4966752966913095,0.75629103,0.99853,0,0,0
dev_0868622,a3,b5,c1,0,0.4954544890797722,0.7453034,0.998515,0,0,0
dev_0608868,a3,b1,c2,0,0.4991899014076193,0.4297641,0.998515,0,0,0
dev_0368278,a3,b5,c2,0,0.495016653669175,0.69827336,0.998515,0,0,0
dev_1130560,a4,b1,c2,0,0.4961789107438442,0.44937044,0.998515,0,0,0
dev_0561771,a3,b2,c1,0,0.5277413118076562,0.26746508,0.998515,0,0,0
dev_1200429,a1,b2,c2,0,0.4960196871873372,0.5026605,0.9985,0,0,0
dev_0515185,a2,b5,c1,0,0.4979536962791392,0.3897932,0.9985,0,0,0
dev_0289260,a2,b2,c2,0,0.49285451679079756,0.33048886,0.9985,0,0,0
dev_0221579,a3,b1,c3,0,0.4948597009146473,0.7905828,0.99848497,0,0,0
dev_0456335,a3,b4,c2,0,0.4975341375781685,0.36724237,0.99848497,0,0,0
dev_1556176,a3,b3,c3,0,0.4976170283521231,0.40791133,0.99848497,0,0,0
dev_0654204,a2,b3,c1,0,0.4943429959424696,0.74339193,0.99848497,0,0,0
dev_1944249,a4,b3,c3,0,0.493211374050911,0.78228384,0.99848497,0,0,0
dev_0464786,a2,b5,c2,0,0.49336827434708863,0.7287759,0.99848497,0,0,0
dev_1155352,a2,b2,c3,0,0.489973957076615,0.4988031,0.99847,0,0,0
dev_0086451,a2,b5,c3,0,0.4941860881657042,0.5057532,0.99847,0,0,0
dev_1055564,a2,b2,c3,0,0.48861060118959426,0.7254266,0.99846995,0,0,0
dev_0779306,a4,b1,c3,0,0.5050179091399011,0.28997514,0.99846995,0,0,0
dev_0703097,a3,b5,c2,0,0.5157781396509108,0.271089,0.99846995,0,0,0
